gene_id	gwas_chr	gwas_start	gwas_end	gwas_pvalue	gwas_peak_pos	gwas_n_snps	gwas_trait	gwas_condition	gwas_gene_chr	gwas_gene_start	gwas_gene_end	gwas_gene_strand	selection_V1	selection_V2	selection_V3	selection_V4	selection_V5	selection_V6	selection_V7	selection_V8	selection_V9	selection_V10	selection_Description	selection_...12	selection_condition
Sobic.001G108300	1	8465678	8545678	4.91e-06	8505678	1	X2020.HN.percentStarc	HN	1	8461656	8465985	-	1	8455001	8580000	0.57815	12	1	8461656	8465985	-	Sobic.001G108300	Plant transposase (Ptta/En/Spm family)	NA	fst_domestication_landrace_vs_wild
Sobic.001G108400	1	8465678	8545678	4.91e-06	8505678	1	X2020.HN.percentStarc	HN	1	8471119	8479530	+	1	8455001	8580000	0.57815	12	1	8471119	8479530	+	Sobic.001G108400	belongs to the protein kinase superfamily	NA	fst_domestication_landrace_vs_wild
Sobic.001G108500	1	8465678	8545678	4.91e-06	8505678	1	X2020.HN.percentStarc	HN	1	8477554	8485428	-	1	8455001	8580000	0.57815	12	1	8477554	8485428	-	Sobic.001G108500	CRAL/TRIO domain	NA	fst_domestication_landrace_vs_wild
Sobic.001G108600	1	8465678	8545678	4.91e-06	8505678	1	X2020.HN.percentStarc	HN	1	8489725	8497541	-	1	8455001	8580000	0.57815	12	1	8489725	8497541	-	Sobic.001G108600	Domain in homologues of a S. cerevisiae phosphatidylinositol transfer protein (Sec14p)	NA	fst_domestication_landrace_vs_wild
Sobic.001G108700	1	8465678	8545678	4.91e-06	8505678	1	X2020.HN.percentStarc	HN	1	8497086	8505258	-	1	8455001	8580000	0.57815	12	1	8497086	8505258	-	Sobic.001G108700	CRAL/TRIO domain	NA	fst_domestication_landrace_vs_wild
Sobic.001G108800	1	8465678	8545678	4.91e-06	8505678	1	X2020.HN.percentStarc	HN	1	8506387	8511716	+	1	8455001	8580000	0.57815	12	1	8506387	8511716	+	Sobic.001G108800	-	NA	fst_domestication_landrace_vs_wild
Sobic.001G108900	1	8465678	8545678	4.91e-06	8505678	1	X2020.HN.percentStarc	HN	1	8507717	8516928	-	1	8455001	8580000	0.57815	12	1	8507717	8516928	-	Sobic.001G108900	BTB POZ domain-containing protein	NA	fst_domestication_landrace_vs_wild
Sobic.001G109000	1	8465678	8545678	4.91e-06	8505678	1	X2020.HN.percentStarc	HN	1	8526078	8531208	-	1	8455001	8580000	0.57815	12	1	8526078	8531208	-	Sobic.001G109000	-	NA	fst_domestication_landrace_vs_wild
Sobic.001G109100	1	8465678	8545678	4.91e-06	8505678	1	X2020.HN.percentStarc	HN	1	8535217	8542330	-	1	8455001	8580000	0.57815	12	1	8535217	8542330	-	Sobic.001G109100	Belongs to the GRAS family	NA	fst_domestication_landrace_vs_wild
Sobic.001G121700	1	9599614	9679614	6.47e-06	9639614	1	X2020.panicleGrainWeight.N	NR	1	9611477	9617716	-	1	9540001	9615000	0.64333	9	1	9611477	9617716	-	Sobic.001G121700	Fantastic Four meristem regulator	NA	fst_domestication_landrace_vs_wild
Sobic.001G169450	1	14168716	14248716	2.84e-06	14208716	1	X2020.HN.percentStarc	HN	1	14227311	14239854	+	1	14235001	14285000	0.536522	4	1	14227311	14239854	+	Sobic.001G169450	NA	NA	fst_domestication_landrace_vs_wild
Sobic.001G224200	1	21583207	21663207	1.55e-06	21623207	1	X2021.tillersPerPlant.N	NR	1	21660359	21670555	-	1	21665001	21720000	0.528532	5	1	21660359	21670555	-	Sobic.001G224200	RNA recognition motif	NA	fst_domestication_landrace_vs_wild
Sobic.001G248900	1	26979409	27078623	4.09e-06	27029152	4	X2020.LN.stemDiameterUppe	LN	1	27044963	27053312	+	1	27020001	27060000	0.461071	2	1	27044963	27053312	+	Sobic.001G248900	Component of the exocyst complex involved in the docking of exocytic vesicles with fusion sites on the plasma membrane	NA	fst_domestication_landrace_vs_wild
Sobic.001G248900	1	27047181	27133597	8.37e-07	27091166	53	X2020.thirdLeafLength.N	NR	1	27044963	27053312	+	1	27020001	27060000	0.461071	2	1	27044963	27053312	+	Sobic.001G248900	Component of the exocyst complex involved in the docking of exocytic vesicles with fusion sites on the plasma membrane	NA	fst_domestication_landrace_vs_wild
Sobic.001G249000	1	26979409	27078623	4.09e-06	27029152	4	X2020.LN.stemDiameterUppe	LN	1	27049492	27056023	-	1	27020001	27060000	0.461071	2	1	27049492	27056023	-	Sobic.001G249000	Transmembrane amino acid transporter protein	NA	fst_domestication_landrace_vs_wild
Sobic.001G249000	1	27047181	27133597	8.37e-07	27091166	53	X2020.thirdLeafLength.N	NR	1	27049492	27056023	-	1	27020001	27060000	0.461071	2	1	27049492	27056023	-	Sobic.001G249000	Transmembrane amino acid transporter protein	NA	fst_domestication_landrace_vs_wild
Sobic.001G249100	1	26979409	27078623	4.09e-06	27029152	4	X2020.LN.stemDiameterUppe	LN	1	27054243	27061589	-	1	27020001	27060000	0.461071	2	1	27054243	27061589	-	Sobic.001G249100	Zein-binding	NA	fst_domestication_landrace_vs_wild
Sobic.001G249100	1	27047181	27133597	8.37e-07	27091166	53	X2020.thirdLeafLength.N	NR	1	27054243	27061589	-	1	27020001	27060000	0.461071	2	1	27054243	27061589	-	Sobic.001G249100	Zein-binding	NA	fst_domestication_landrace_vs_wild
Sobic.001G249200	1	26979409	27078623	4.09e-06	27029152	4	X2020.LN.stemDiameterUppe	LN	1	27057733	27067348	-	1	27020001	27060000	0.461071	2	1	27057733	27067348	-	Sobic.001G249200	KH domain	NA	fst_domestication_landrace_vs_wild
Sobic.001G249200	1	27047181	27133597	8.37e-07	27091166	53	X2020.thirdLeafLength.N	NR	1	27057733	27067348	-	1	27020001	27060000	0.461071	2	1	27057733	27067348	-	Sobic.001G249200	KH domain	NA	fst_domestication_landrace_vs_wild
Sobic.001G313400	1	64177032	64323425	3.4e-06	64217032	2	X2020.panicleGrainWeight.N	NR	1	64179080	64190822	+	1	64180001	64220000	0.48197	2	1	64179080	64190822	+	Sobic.001G313400	AAA domain	NA	fst_domestication_landrace_vs_wild
Sobic.001G313500	1	64177032	64323425	3.4e-06	64217032	2	X2020.panicleGrainWeight.N	NR	1	64188236	64196375	-	1	64180001	64220000	0.48197	2	1	64188236	64196375	-	Sobic.001G313500	Protein of unknown function (DUF1084)	NA	fst_domestication_landrace_vs_wild
Sobic.001G313600	1	64177032	64323425	3.4e-06	64217032	2	X2020.panicleGrainWeight.N	NR	1	64193597	64198909	-	1	64180001	64220000	0.48197	2	1	64193597	64198909	-	Sobic.001G313600	Heavy-metal-associated domain	NA	fst_domestication_landrace_vs_wild
Sobic.001G313700	1	64177032	64323425	3.4e-06	64217032	2	X2020.panicleGrainWeight.N	NR	1	64195690	64206169	+	1	64180001	64220000	0.48197	2	1	64195690	64206169	+	Sobic.001G313700	-	NA	fst_domestication_landrace_vs_wild
Sobic.001G313800	1	64177032	64323425	3.4e-06	64217032	2	X2020.panicleGrainWeight.N	NR	1	64214479	64220118	+	1	64180001	64220000	0.48197	2	1	64214479	64220118	+	Sobic.001G313800	B3 DNA binding domain	NA	fst_domestication_landrace_vs_wild
Sobic.001G314000	1	64177032	64323425	3.4e-06	64217032	2	X2020.panicleGrainWeight.N	NR	1	64265896	64272072	-	1	64270001	64340000	0.641601	8	1	64265896	64272072	-	Sobic.001G314000	Belongs to the peroxidase family. Classical plant (class III) peroxidase subfamily	NA	fst_domestication_landrace_vs_wild
Sobic.001G314100	1	64177032	64323425	3.4e-06	64217032	2	X2020.panicleGrainWeight.N	NR	1	64274022	64279688	-	1	64270001	64340000	0.641601	8	1	64274022	64279688	-	Sobic.001G314100	Removal of H(2)O(2), oxidation of toxic reductants, biosynthesis and degradation of lignin, suberization, auxin catabolism, response to environmental stresses such as wounding, pathogen attack and oxidative stress	NA	fst_domestication_landrace_vs_wild
Sobic.001G314200	1	64177032	64323425	3.4e-06	64217032	2	X2020.panicleGrainWeight.N	NR	1	64277388	64283179	-	1	64270001	64340000	0.641601	8	1	64277388	64283179	-	Sobic.001G314200	CAAD domains of cyanobacterial aminoacyl-tRNA synthetase	NA	fst_domestication_landrace_vs_wild
Sobic.001G314300	1	64177032	64323425	3.4e-06	64217032	2	X2020.panicleGrainWeight.N	NR	1	64281690	64290086	-	1	64270001	64340000	0.641601	8	1	64281690	64290086	-	Sobic.001G314300	Belongs to the iron ascorbate-dependent oxidoreductase family	NA	fst_domestication_landrace_vs_wild
Sobic.001G314350	1	64177032	64323425	3.4e-06	64217032	2	X2020.panicleGrainWeight.N	NR	1	64285998	64291547	+	1	64270001	64340000	0.641601	8	1	64285998	64291547	+	Sobic.001G314350	NA	NA	fst_domestication_landrace_vs_wild
Sobic.001G314400	1	64177032	64323425	3.4e-06	64217032	2	X2020.panicleGrainWeight.N	NR	1	64302781	64319939	-	1	64270001	64340000	0.641601	8	1	64302781	64319939	-	Sobic.001G314400	K-box region	NA	fst_domestication_landrace_vs_wild
Sobic.001G398600	1	72448093	72648353	5.01e-06	72488093	4	X2020.LN.flagLeafLengt	LN	1	72575278	72581303	-	1	72575001	72685000	0.518253	11	1	72575278	72581303	-	Sobic.001G398600	Anaphase-promoting complex subunit 11 RING-H2 finger	NA	fst_domestication_landrace_vs_wild
Sobic.001G398700	1	72448093	72648353	5.01e-06	72488093	4	X2020.LN.flagLeafLengt	LN	1	72579600	72584912	-	1	72575001	72685000	0.518253	11	1	72579600	72584912	-	Sobic.001G398700	Domain of unknown function (DUF3511)	NA	fst_domestication_landrace_vs_wild
Sobic.001G398800	1	72448093	72648353	5.01e-06	72488093	4	X2020.LN.flagLeafLengt	LN	1	72586865	72599449	-	1	72575001	72685000	0.518253	11	1	72586865	72599449	-	Sobic.001G398800	domain-containing protein	NA	fst_domestication_landrace_vs_wild
Sobic.001G398950	1	72448093	72648353	5.01e-06	72488093	4	X2020.LN.flagLeafLengt	LN	1	72613175	72625371	-	1	72575001	72685000	0.518253	11	1	72613175	72625371	-	Sobic.001G398950	PHD-finger	NA	fst_domestication_landrace_vs_wild
Sobic.001G399100	1	72448093	72648353	5.01e-06	72488093	4	X2020.LN.flagLeafLengt	LN	1	72618971	72626065	-	1	72575001	72685000	0.518253	11	1	72618971	72626065	-	Sobic.001G399100	regulation of peroxisome size	NA	fst_domestication_landrace_vs_wild
Sobic.001G399200	1	72448093	72648353	5.01e-06	72488093	4	X2020.LN.flagLeafLengt	LN	1	72633832	72644200	+	1	72575001	72685000	0.518253	11	1	72633832	72644200	+	Sobic.001G399200	Belongs to the TRAFAC class myosin-kinesin ATPase superfamily. Kinesin family	NA	fst_domestication_landrace_vs_wild
Sobic.001G399300	1	72448093	72648353	5.01e-06	72488093	4	X2020.LN.flagLeafLengt	LN	1	72643292	72651318	+	1	72575001	72685000	0.518253	11	1	72643292	72651318	+	Sobic.001G399300	Protein phosphatase 2C	NA	fst_domestication_landrace_vs_wild
Sobic.001G399400	1	72448093	72648353	5.01e-06	72488093	4	X2020.LN.flagLeafLengt	LN	1	72647490	72655061	-	1	72575001	72685000	0.518253	11	1	72647490	72655061	-	Sobic.001G399400	Calmodulin binding protein-like	NA	fst_domestication_landrace_vs_wild
Sobic.001G413500	1	73660945	73740945	7.59e-06	73700945	1	X2021.LN.plantHeigh	LN	1	73687623	73697514	+	1	73690001	73740000	0.490245	4	1	73687623	73697514	+	Sobic.001G413500	-	NA	fst_domestication_landrace_vs_wild
Sobic.001G413600	1	73660945	73740945	7.59e-06	73700945	1	X2021.LN.plantHeigh	LN	1	73693996	73699039	-	1	73690001	73740000	0.490245	4	1	73693996	73699039	-	Sobic.001G413600	histone peptidyl-prolyl isomerization	NA	fst_domestication_landrace_vs_wild
Sobic.001G413700	1	73706312	73793690	3e-06	73749044	5	X2021.HN.plantHeigh	HN	1	73701816	73708694	-	1	73690001	73740000	0.490245	4	1	73701816	73708694	-	Sobic.001G413700	ABC transporter	NA	fst_domestication_landrace_vs_wild
Sobic.001G413700	1	73660945	73740945	7.59e-06	73700945	1	X2021.LN.plantHeigh	LN	1	73701816	73708694	-	1	73690001	73740000	0.490245	4	1	73701816	73708694	-	Sobic.001G413700	ABC transporter	NA	fst_domestication_landrace_vs_wild
Sobic.001G413800	1	73706312	73793690	3e-06	73749044	5	X2021.HN.plantHeigh	HN	1	73707379	73716809	+	1	73690001	73740000	0.490245	4	1	73707379	73716809	+	Sobic.001G413800	snRNA processing	NA	fst_domestication_landrace_vs_wild
Sobic.001G413800	1	73660945	73740945	7.59e-06	73700945	1	X2021.LN.plantHeigh	LN	1	73707379	73716809	+	1	73690001	73740000	0.490245	4	1	73707379	73716809	+	Sobic.001G413800	snRNA processing	NA	fst_domestication_landrace_vs_wild
Sobic.001G413825	1	73706312	73793690	3e-06	73749044	5	X2021.HN.plantHeigh	HN	1	73714088	73718984	-	1	73690001	73740000	0.490245	4	1	73714088	73718984	-	Sobic.001G413825	-	NA	fst_domestication_landrace_vs_wild
Sobic.001G413825	1	73660945	73740945	7.59e-06	73700945	1	X2021.LN.plantHeigh	LN	1	73714088	73718984	-	1	73690001	73740000	0.490245	4	1	73714088	73718984	-	Sobic.001G413825	-	NA	fst_domestication_landrace_vs_wild
Sobic.001G413850	1	73706312	73793690	3e-06	73749044	5	X2021.HN.plantHeigh	HN	1	73717859	73722607	-	1	73690001	73740000	0.490245	4	1	73717859	73722607	-	Sobic.001G413850	NA	NA	fst_domestication_landrace_vs_wild
Sobic.001G413850	1	73660945	73740945	7.59e-06	73700945	1	X2021.LN.plantHeigh	LN	1	73717859	73722607	-	1	73690001	73740000	0.490245	4	1	73717859	73722607	-	Sobic.001G413850	NA	NA	fst_domestication_landrace_vs_wild
Sobic.001G413900	1	73706312	73793690	3e-06	73749044	5	X2021.HN.plantHeigh	HN	1	73722418	73732019	+	1	73690001	73740000	0.490245	4	1	73722418	73732019	+	Sobic.001G413900	Belongs to the cation transport ATPase (P-type) (TC 3.A.3) family	NA	fst_domestication_landrace_vs_wild
Sobic.001G413900	1	73660945	73740945	7.59e-06	73700945	1	X2021.LN.plantHeigh	LN	1	73722418	73732019	+	1	73690001	73740000	0.490245	4	1	73722418	73732019	+	Sobic.001G413900	Belongs to the cation transport ATPase (P-type) (TC 3.A.3) family	NA	fst_domestication_landrace_vs_wild
Sobic.001G414000	1	73706312	73793690	3e-06	73749044	5	X2021.HN.plantHeigh	HN	1	73726578	73734809	-	1	73690001	73740000	0.490245	4	1	73726578	73734809	-	Sobic.001G414000	Belongs to the protein kinase superfamily	NA	fst_domestication_landrace_vs_wild
Sobic.001G414000	1	73660945	73740945	7.59e-06	73700945	1	X2021.LN.plantHeigh	LN	1	73726578	73734809	-	1	73690001	73740000	0.490245	4	1	73726578	73734809	-	Sobic.001G414000	Belongs to the protein kinase superfamily	NA	fst_domestication_landrace_vs_wild
Sobic.001G414100	1	73706312	73793690	3e-06	73749044	5	X2021.HN.plantHeigh	HN	1	73734437	73744814	+	1	73690001	73740000	0.490245	4	1	73734437	73744814	+	Sobic.001G414100	-	NA	fst_domestication_landrace_vs_wild
Sobic.001G414100	1	73660945	73740945	7.59e-06	73700945	1	X2021.LN.plantHeigh	LN	1	73734437	73744814	+	1	73690001	73740000	0.490245	4	1	73734437	73744814	+	Sobic.001G414100	-	NA	fst_domestication_landrace_vs_wild
Sobic.002G171500	2	55499056	55645594	2.93e-06	55605594	5	X2020.HN.rachisDiameterLowe	HN	2	55630570	55635944	+	2	55605001	55655000	0.447478	4	2	55630570	55635944	+	Sobic.002G171500	F-box-like	NA	fst_domestication_landrace_vs_wild
Sobic.002G209400	2	61372594	61452594	6.98e-06	61412594	1	X2020.LN.estimatedPlotYiel	LN	2	61415678	61426959	-	2	61410001	61450000	0.466667	2	2	61415678	61426959	-	Sobic.002G209400	TAFs are components of the transcription factor IID (TFIID) complex that is essential for mediating regulation of RNA polymerase transcription	NA	fst_domestication_landrace_vs_wild
Sobic.002G209500	2	61372594	61452594	6.98e-06	61412594	1	X2020.LN.estimatedPlotYiel	LN	2	61430007	61434327	+	2	61410001	61450000	0.466667	2	2	61430007	61434327	+	Sobic.002G209500	NA	NA	fst_domestication_landrace_vs_wild
Sobic.002G209600	2	61372594	61452594	6.98e-06	61412594	1	X2020.LN.estimatedPlotYiel	LN	2	61432455	61449345	+	2	61410001	61450000	0.466667	2	2	61432455	61449345	+	Sobic.002G209600	Pentatricopeptide repeat domain	NA	fst_domestication_landrace_vs_wild
Sobic.002G248600	2	64910341	64990357	7.61e-07	64950357	2	X2020.HN.percentStarc	HN	2	64912476	64920390	-	2	64920001	65015000	0.56153	10	2	64912476	64920390	-	Sobic.002G248600	Bromodomain-containing protein	NA	fst_domestication_landrace_vs_wild
Sobic.002G248700	2	64910341	64990357	7.61e-07	64950357	2	X2020.HN.percentStarc	HN	2	64917412	64923130	-	2	64920001	65015000	0.56153	10	2	64917412	64923130	-	Sobic.002G248700	-	NA	fst_domestication_landrace_vs_wild
Sobic.002G248800	2	64910341	64990357	7.61e-07	64950357	2	X2020.HN.percentStarc	HN	2	64919531	64924641	-	2	64920001	65015000	0.56153	10	2	64919531	64924641	-	Sobic.002G248800	-	NA	fst_domestication_landrace_vs_wild
Sobic.002G248900	2	64910341	64990357	7.61e-07	64950357	2	X2020.HN.percentStarc	HN	2	64921398	64927816	-	2	64920001	65015000	0.56153	10	2	64921398	64927816	-	Sobic.002G248900	-	NA	fst_domestication_landrace_vs_wild
Sobic.002G249000	2	64910341	64990357	7.61e-07	64950357	2	X2020.HN.percentStarc	HN	2	64924095	64932076	-	2	64920001	65015000	0.56153	10	2	64924095	64932076	-	Sobic.002G249000	Domain of unknown function (DUF296)	NA	fst_domestication_landrace_vs_wild
Sobic.002G249101	2	64910341	64990357	7.61e-07	64950357	2	X2020.HN.percentStarc	HN	2	64933621	64939672	-	2	64920001	65015000	0.56153	10	2	64933621	64939672	-	Sobic.002G249101	NA	NA	fst_domestication_landrace_vs_wild
Sobic.002G249200	2	64910341	64990357	7.61e-07	64950357	2	X2020.HN.percentStarc	HN	2	64935881	64945602	-	2	64920001	65015000	0.56153	10	2	64935881	64945602	-	Sobic.002G249200	Membrane transport protein	NA	fst_domestication_landrace_vs_wild
Sobic.002G249300	2	64910341	64990357	7.61e-07	64950357	2	X2020.HN.percentStarc	HN	2	64944547	64955668	-	2	64920001	65015000	0.56153	10	2	64944547	64955668	-	Sobic.002G249300	Membrane transport protein	NA	fst_domestication_landrace_vs_wild
Sobic.002G249400	2	64910341	64990357	7.61e-07	64950357	2	X2020.HN.percentStarc	HN	2	64954675	64965551	-	2	64920001	65015000	0.56153	10	2	64954675	64965551	-	Sobic.002G249400	Membrane transport protein	NA	fst_domestication_landrace_vs_wild
Sobic.002G249500	2	64910341	64990357	7.61e-07	64950357	2	X2020.HN.percentStarc	HN	2	64962565	64968267	+	2	64920001	65015000	0.56153	10	2	64962565	64968267	+	Sobic.002G249500	Zinc finger C-x8-C-x5-C-x3-H type (and similar)	NA	fst_domestication_landrace_vs_wild
Sobic.002G249600	2	64910341	64990357	7.61e-07	64950357	2	X2020.HN.percentStarc	HN	2	64966916	64973837	-	2	64920001	65015000	0.56153	10	2	64966916	64973837	-	Sobic.002G249600	Belongs to the protein kinase superfamily	NA	fst_domestication_landrace_vs_wild
Sobic.002G249650	2	64910341	64990357	7.61e-07	64950357	2	X2020.HN.percentStarc	HN	2	64972110	64976481	-	2	64920001	65015000	0.56153	10	2	64972110	64976481	-	Sobic.002G249650	Ribonuclease H protein	NA	fst_domestication_landrace_vs_wild
Sobic.002G249700	2	64910341	64990357	7.61e-07	64950357	2	X2020.HN.percentStarc	HN	2	64975386	64982151	+	2	64920001	65015000	0.56153	10	2	64975386	64982151	+	Sobic.002G249700	Belongs to the protein kinase superfamily	NA	fst_domestication_landrace_vs_wild
Sobic.002G249800	2	64910341	64990357	7.61e-07	64950357	2	X2020.HN.percentStarc	HN	2	64978178	64985619	-	2	64920001	65015000	0.56153	10	2	64978178	64985619	-	Sobic.002G249800	Belongs to the heat shock protein 70 family	NA	fst_domestication_landrace_vs_wild
Sobic.002G249900	2	64910341	64990357	7.61e-07	64950357	2	X2020.HN.percentStarc	HN	2	64985012	64991710	-	2	64920001	65015000	0.56153	10	2	64985012	64991710	-	Sobic.002G249900	NAD(P)H-binding	NA	fst_domestication_landrace_vs_wild
Sobic.002G342400	2	72220133	72300259	2.03e-06	72260156	4	X2020.HN.primaryBranchNumbe	HN	2	72239318	72245994	+	2	72245001	72310000	0.52997	7	2	72239318	72245994	+	Sobic.002G342400	Belongs to the cytochrome P450 family	NA	fst_domestication_landrace_vs_wild
Sobic.002G342500	2	72220133	72300259	2.03e-06	72260156	4	X2020.HN.primaryBranchNumbe	HN	2	72241859	72252062	-	2	72245001	72310000	0.52997	7	2	72241859	72252062	-	Sobic.002G342500	Glycosyltransferase sugar-binding region containing DXD motif	NA	fst_domestication_landrace_vs_wild
Sobic.002G342600	2	72220133	72300259	2.03e-06	72260156	4	X2020.HN.primaryBranchNumbe	HN	2	72248558	72254256	-	2	72245001	72310000	0.52997	7	2	72248558	72254256	-	Sobic.002G342600	Cytochrome C oxidase, cbb3-type, subunit III	NA	fst_domestication_landrace_vs_wild
Sobic.002G342700	2	72220133	72300259	2.03e-06	72260156	4	X2020.HN.primaryBranchNumbe	HN	2	72252292	72256618	-	2	72245001	72310000	0.52997	7	2	72252292	72256618	-	Sobic.002G342700	-	NA	fst_domestication_landrace_vs_wild
Sobic.002G342800	2	72220133	72300259	2.03e-06	72260156	4	X2020.HN.primaryBranchNumbe	HN	2	72253650	72259708	+	2	72245001	72310000	0.52997	7	2	72253650	72259708	+	Sobic.002G342800	Belongs to the GRAS family	NA	fst_domestication_landrace_vs_wild
Sobic.002G343000	2	72220133	72300259	2.03e-06	72260156	4	X2020.HN.primaryBranchNumbe	HN	2	72259878	72272436	-	2	72245001	72310000	0.52997	7	2	72259878	72272436	-	Sobic.002G343000	Exocyst component 84 C-terminal	NA	fst_domestication_landrace_vs_wild
Sobic.002G343100	2	72220133	72300259	2.03e-06	72260156	4	X2020.HN.primaryBranchNumbe	HN	2	72271276	72279912	+	2	72245001	72310000	0.52997	7	2	72271276	72279912	+	Sobic.002G343100	Protein kinase domain	NA	fst_domestication_landrace_vs_wild
Sobic.002G343200	2	72220133	72300259	2.03e-06	72260156	4	X2020.HN.primaryBranchNumbe	HN	2	72276222	72287367	-	2	72245001	72310000	0.52997	7	2	72276222	72287367	-	Sobic.002G343200	BEST Arabidopsis thaliana protein match is	NA	fst_domestication_landrace_vs_wild
Sobic.002G343300	2	72220133	72300259	2.03e-06	72260156	4	X2020.HN.primaryBranchNumbe	HN	2	72288521	72295692	+	2	72245001	72310000	0.52997	7	2	72288521	72295692	+	Sobic.002G343300	Zinc finger C-x8-C-x5-C-x3-H type (and similar)	NA	fst_domestication_landrace_vs_wild
Sobic.002G343400	2	72220133	72300259	2.03e-06	72260156	4	X2020.HN.primaryBranchNumbe	HN	2	72297900	72304842	-	2	72245001	72310000	0.52997	7	2	72297900	72304842	-	Sobic.002G343400	Chloroplast import apparatus Tic20-like	NA	fst_domestication_landrace_vs_wild
Sobic.002G343500	2	72220133	72300259	2.03e-06	72260156	4	X2020.HN.primaryBranchNumbe	HN	2	72299462	72310725	-	2	72245001	72310000	0.52997	7	2	72299462	72310725	-	Sobic.002G343500	Calcium-dependent protein kinase	NA	fst_domestication_landrace_vs_wild
Sobic.002G354400	2	73022274	73102274	4.63e-06	73062274	1	X2020.LN.branchInternodeLengt	LN	2	73094724	73100792	-	2	73100001	73150000	0.445613	3	2	73094724	73100792	-	Sobic.002G354400	Sugar (and other) transporter	NA	fst_domestication_landrace_vs_wild
Sobic.002G354501	2	73022274	73102274	4.63e-06	73062274	1	X2020.LN.branchInternodeLengt	LN	2	73098965	73106428	-	2	73100001	73150000	0.445613	3	2	73098965	73106428	-	Sobic.002G354501	Ribosome associated membrane protein RAMP4	NA	fst_domestication_landrace_vs_wild
Sobic.003G029350	3	2557155	2637156	8.7e-06	2597155	2	X2020.HN.thirdLeafLengt	HN	3	2609218	2613889	-	3	2610001	2650000	0.500003	2	3	2609218	2613889	-	Sobic.003G029350	NA	NA	fst_domestication_landrace_vs_wild
Sobic.003G029400	3	2557155	2637156	8.7e-06	2597155	2	X2020.HN.thirdLeafLengt	HN	3	2613622	2619132	+	3	2610001	2650000	0.500003	2	3	2613622	2619132	+	Sobic.003G029400	Cotton fibre expressed protein	NA	fst_domestication_landrace_vs_wild
Sobic.003G029500	3	2557155	2637156	8.7e-06	2597155	2	X2020.HN.thirdLeafLengt	HN	3	2619625	2628228	-	3	2610001	2650000	0.500003	2	3	2619625	2628228	-	Sobic.003G029500	WD40 repeats	NA	fst_domestication_landrace_vs_wild
Sobic.003G029600	3	2557155	2637156	8.7e-06	2597155	2	X2020.HN.thirdLeafLengt	HN	3	2626415	2637235	+	3	2610001	2650000	0.500003	2	3	2626415	2637235	+	Sobic.003G029600	The coatomer is a cytosolic protein complex that binds to dilysine motifs and reversibly associates with Golgi non- clathrin-coated vesicles, which further mediate biosynthetic protein transport from the ER, via the Golgi up to the trans Golgi network	NA	fst_domestication_landrace_vs_wild
Sobic.003G029700	3	2557155	2637156	8.7e-06	2597155	2	X2020.HN.thirdLeafLengt	HN	3	2636196	2648052	+	3	2610001	2650000	0.500003	2	3	2636196	2648052	+	Sobic.003G029700	Protein kinase domain	NA	fst_domestication_landrace_vs_wild
Sobic.003G049600	3	4585224	4665241	6.82e-06	4625241	2	X2021.HN.stemDiameterLowe	HN	3	4582757	4594029	+	3	4575001	4620000	0.509031	3	3	4582757	4594029	+	Sobic.003G049600	Belongs to the glycosyltransferase 2 family. Plant cellulose synthase subfamily	NA	fst_domestication_landrace_vs_wild
Sobic.003G049700	3	4585224	4665241	6.82e-06	4625241	2	X2021.HN.stemDiameterLowe	HN	3	4591831	4601286	-	3	4575001	4620000	0.509031	3	3	4591831	4601286	-	Sobic.003G049700	Glyoxalase/Bleomycin resistance protein/Dioxygenase superfamily	NA	fst_domestication_landrace_vs_wild
Sobic.003G049750	3	4585224	4665241	6.82e-06	4625241	2	X2021.HN.stemDiameterLowe	HN	3	4606062	4611806	+	3	4575001	4620000	0.509031	3	3	4606062	4611806	+	Sobic.003G049750	NA	NA	fst_domestication_landrace_vs_wild
Sobic.003G049800	3	4585224	4665241	6.82e-06	4625241	2	X2021.HN.stemDiameterLowe	HN	3	4608608	4615833	+	3	4575001	4620000	0.509031	3	3	4608608	4615833	+	Sobic.003G049800	Alba	NA	fst_domestication_landrace_vs_wild
Sobic.003G050000	3	4585224	4665241	6.82e-06	4625241	2	X2021.HN.stemDiameterLowe	HN	3	4612239	4617947	+	3	4575001	4620000	0.509031	3	3	4612239	4617947	+	Sobic.003G050000	Protein of unknown function, DUF393	NA	fst_domestication_landrace_vs_wild
Sobic.003G050100	3	4585224	4665241	6.82e-06	4625241	2	X2021.HN.stemDiameterLowe	HN	3	4613331	4620980	-	3	4575001	4620000	0.509031	3	3	4613331	4620980	-	Sobic.003G050100	Glycosyl hydrolases family 28	NA	fst_domestication_landrace_vs_wild
Sobic.003G050200	3	4585224	4665241	6.82e-06	4625241	2	X2021.HN.stemDiameterLowe	HN	3	4616537	4621827	-	3	4575001	4620000	0.509031	3	3	4616537	4621827	-	Sobic.003G050200	Embryo-specific protein 3, (ATS3)	NA	fst_domestication_landrace_vs_wild
Sobic.003G050300	3	4585224	4665241	6.82e-06	4625241	2	X2021.HN.stemDiameterLowe	HN	3	4618304	4624149	-	3	4575001	4620000	0.509031	3	3	4618304	4624149	-	Sobic.003G050300	Belongs to the peroxidase family. Classical plant (class III) peroxidase subfamily	NA	fst_domestication_landrace_vs_wild
Sobic.003G145100	3	14943523	15042773	1.93e-06	15002773	11	X2021.tillersPerPlant.N	NR	3	15006713	15016954	+	3	14960001	15025000	0.568031	7	3	15006713	15016954	+	Sobic.003G145100	Myb-like DNA-binding domain	NA	fst_domestication_landrace_vs_wild
Sobic.003G145200	3	14943523	15042773	1.93e-06	15002773	11	X2021.tillersPerPlant.N	NR	3	15013094	15019776	-	3	14960001	15025000	0.568031	7	3	15013094	15019776	-	Sobic.003G145200	Plant specific eukaryotic initiation factor 4B	NA	fst_domestication_landrace_vs_wild
Sobic.003G145300	3	14943523	15042773	1.93e-06	15002773	11	X2021.tillersPerPlant.N	NR	3	15018356	15022666	-	3	14960001	15025000	0.568031	7	3	15018356	15022666	-	Sobic.003G145300	Domain of unknown function (DUF3511)	NA	fst_domestication_landrace_vs_wild
Sobic.003G245900	3	64800843	64880843	8.26e-06	64840843	1	X2020.HN.flagLeafWidt	HN	3	64798344	64804835	+	3	64780001	64835000	0.554349	5	3	64798344	64804835	+	Sobic.003G245900	Belongs to the Casparian strip membrane proteins (CASP) family	NA	fst_domestication_landrace_vs_wild
Sobic.003G245900	3	64801888	64882699	2.1e-07	64841888	4	X2021.HN.percentStarc	HN	3	64798344	64804835	+	3	64780001	64835000	0.554349	5	3	64798344	64804835	+	Sobic.003G245900	Belongs to the Casparian strip membrane proteins (CASP) family	NA	fst_domestication_landrace_vs_wild
Sobic.003G246000	3	64800843	64880843	8.26e-06	64840843	1	X2020.HN.flagLeafWidt	HN	3	64803035	64812391	+	3	64780001	64835000	0.554349	5	3	64803035	64812391	+	Sobic.003G246000	KH domain	NA	fst_domestication_landrace_vs_wild
Sobic.003G246000	3	64801888	64882699	2.1e-07	64841888	4	X2021.HN.percentStarc	HN	3	64803035	64812391	+	3	64780001	64835000	0.554349	5	3	64803035	64812391	+	Sobic.003G246000	KH domain	NA	fst_domestication_landrace_vs_wild
Sobic.003G246100	3	64800843	64880843	8.26e-06	64840843	1	X2020.HN.flagLeafWidt	HN	3	64809141	64818223	+	3	64780001	64835000	0.554349	5	3	64809141	64818223	+	Sobic.003G246100	JAB1/Mov34/MPN/PAD-1 ubiquitin protease	NA	fst_domestication_landrace_vs_wild
Sobic.003G246100	3	64801888	64882699	2.1e-07	64841888	4	X2021.HN.percentStarc	HN	3	64809141	64818223	+	3	64780001	64835000	0.554349	5	3	64809141	64818223	+	Sobic.003G246100	JAB1/Mov34/MPN/PAD-1 ubiquitin protease	NA	fst_domestication_landrace_vs_wild
Sobic.003G246100	3	64813094	64893094	9.26e-06	64853094	1	X2021.plantHeight.N	NR	3	64809141	64818223	+	3	64780001	64835000	0.554349	5	3	64809141	64818223	+	Sobic.003G246100	JAB1/Mov34/MPN/PAD-1 ubiquitin protease	NA	fst_domestication_landrace_vs_wild
Sobic.003G246200	3	64800843	64880843	8.26e-06	64840843	1	X2020.HN.flagLeafWidt	HN	3	64819165	64825081	-	3	64780001	64835000	0.554349	5	3	64819165	64825081	-	Sobic.003G246200	Protein of unknown function (DUF1645)	NA	fst_domestication_landrace_vs_wild
Sobic.003G246200	3	64801888	64882699	2.1e-07	64841888	4	X2021.HN.percentStarc	HN	3	64819165	64825081	-	3	64780001	64835000	0.554349	5	3	64819165	64825081	-	Sobic.003G246200	Protein of unknown function (DUF1645)	NA	fst_domestication_landrace_vs_wild
Sobic.003G246200	3	64813094	64893094	9.26e-06	64853094	1	X2021.plantHeight.N	NR	3	64819165	64825081	-	3	64780001	64835000	0.554349	5	3	64819165	64825081	-	Sobic.003G246200	Protein of unknown function (DUF1645)	NA	fst_domestication_landrace_vs_wild
Sobic.003G246300	3	64800843	64880843	8.26e-06	64840843	1	X2020.HN.flagLeafWidt	HN	3	64823164	64828745	-	3	64780001	64835000	0.554349	5	3	64823164	64828745	-	Sobic.003G246300	-	NA	fst_domestication_landrace_vs_wild
Sobic.003G246300	3	64801888	64882699	2.1e-07	64841888	4	X2021.HN.percentStarc	HN	3	64823164	64828745	-	3	64780001	64835000	0.554349	5	3	64823164	64828745	-	Sobic.003G246300	-	NA	fst_domestication_landrace_vs_wild
Sobic.003G246300	3	64813094	64893094	9.26e-06	64853094	1	X2021.plantHeight.N	NR	3	64823164	64828745	-	3	64780001	64835000	0.554349	5	3	64823164	64828745	-	Sobic.003G246300	-	NA	fst_domestication_landrace_vs_wild
Sobic.003G250000	3	65107580	65187580	2.54e-06	65147580	1	X2020.HN.rachisLengt	HN	3	65143310	65150993	+	3	65150001	65195000	0.53091	3	3	65143310	65150993	+	Sobic.003G250000	Removal of H(2)O(2), oxidation of toxic reductants, biosynthesis and degradation of lignin, suberization, auxin catabolism, response to environmental stresses such as wounding, pathogen attack and oxidative stress	NA	fst_domestication_landrace_vs_wild
Sobic.003G250100	3	65107580	65187580	2.54e-06	65147580	1	X2020.HN.rachisLengt	HN	3	65157636	65166951	-	3	65150001	65195000	0.53091	3	3	65157636	65166951	-	Sobic.003G250100	multicellular organism development	NA	fst_domestication_landrace_vs_wild
Sobic.003G250160	3	65107580	65187580	2.54e-06	65147580	1	X2020.HN.rachisLengt	HN	3	65167950	65172396	-	3	65150001	65195000	0.53091	3	3	65167950	65172396	-	Sobic.003G250160	NA	NA	fst_domestication_landrace_vs_wild
Sobic.003G250280	3	65172809	65252813	2.7e-06	65212809	2	X2020.HN.percentStarc	HN	3	65176069	65183890	-	3	65150001	65195000	0.53091	3	3	65176069	65183890	-	Sobic.003G250280	protein desumoylation	NA	fst_domestication_landrace_vs_wild
Sobic.003G250280	3	65107580	65187580	2.54e-06	65147580	1	X2020.HN.rachisLengt	HN	3	65176069	65183890	-	3	65150001	65195000	0.53091	3	3	65176069	65183890	-	Sobic.003G250280	protein desumoylation	NA	fst_domestication_landrace_vs_wild
Sobic.003G250340	3	65172809	65252813	2.7e-06	65212809	2	X2020.HN.percentStarc	HN	3	65185480	65191739	+	3	65150001	65195000	0.53091	3	3	65185480	65191739	+	Sobic.003G250340	Ras family	NA	fst_domestication_landrace_vs_wild
Sobic.003G250340	3	65107580	65187580	2.54e-06	65147580	1	X2020.HN.rachisLengt	HN	3	65185480	65191739	+	3	65150001	65195000	0.53091	3	3	65185480	65191739	+	Sobic.003G250340	Ras family	NA	fst_domestication_landrace_vs_wild
Sobic.003G250400	3	65172809	65252813	2.7e-06	65212809	2	X2020.HN.percentStarc	HN	3	65187575	65201076	-	3	65150001	65195000	0.53091	3	3	65187575	65201076	-	Sobic.003G250400	Ring finger domain	NA	fst_domestication_landrace_vs_wild
Sobic.003G250400	3	65107580	65187580	2.54e-06	65147580	1	X2020.HN.rachisLengt	HN	3	65187575	65201076	-	3	65150001	65195000	0.53091	3	3	65187575	65201076	-	Sobic.003G250400	Ring finger domain	NA	fst_domestication_landrace_vs_wild
Sobic.003G339500	3	72585902	72669636	6.4e-07	72628333	21	X2020.HN.estimatedPlotYiel	HN	3	72587528	72594529	-	3	72535001	72595000	0.448594	4	3	72587528	72594529	-	Sobic.003G339500	RING-type E3 ubiquitin transferase	NA	fst_domestication_landrace_vs_wild
Sobic.003G360300	3	74148107	74228107	8.11e-06	74188107	1	X2020.HN.estimatedPlotYiel	HN	3	74141228	74149075	-	3	74100001	74155000	0.482823	5	3	74141228	74149075	-	Sobic.003G360300	Exostosin family	NA	fst_domestication_landrace_vs_wild
Sobic.003G360400	3	74148107	74228107	8.11e-06	74188107	1	X2020.HN.estimatedPlotYiel	HN	3	74146176	74163386	-	3	74100001	74155000	0.482823	5	3	74146176	74163386	-	Sobic.003G360400	Ulp1 protease family, C-terminal catalytic domain	NA	fst_domestication_landrace_vs_wild
Sobic.003G369200	3	74852318	74963877	9.94e-08	74892318	5	X2020.estimatedPlotYield.N	NR	3	74909588	74925728	-	3	74920001	7.5e+07	0.614442	10	3	74909588	74925728	-	Sobic.003G369200	DNA polymerase	NA	fst_domestication_landrace_vs_wild
Sobic.003G369400	3	74852318	74963877	9.94e-08	74892318	5	X2020.estimatedPlotYield.N	NR	3	74937218	74948584	-	3	74920001	7.5e+07	0.614442	10	3	74937218	74948584	-	Sobic.003G369400	Plant protein of unknown function (DUF639)	NA	fst_domestication_landrace_vs_wild
Sobic.003G369500	3	74852318	74963877	9.94e-08	74892318	5	X2020.estimatedPlotYield.N	NR	3	74944931	74953687	-	3	74920001	7.5e+07	0.614442	10	3	74944931	74953687	-	Sobic.003G369500	NPL4 family	NA	fst_domestication_landrace_vs_wild
Sobic.003G369600	3	74852318	74963877	9.94e-08	74892318	5	X2020.estimatedPlotYield.N	NR	3	74950842	74957627	+	3	74920001	7.5e+07	0.614442	10	3	74950842	74957627	+	Sobic.003G369600	magnesium transporter	NA	fst_domestication_landrace_vs_wild
Sobic.003G369700	3	74852318	74963877	9.94e-08	74892318	5	X2020.estimatedPlotYield.N	NR	3	74954287	74975843	-	3	74920001	7.5e+07	0.614442	10	3	74954287	74975843	-	Sobic.003G369700	Sister chromatid cohesion protein PDS5 homolog	NA	fst_domestication_landrace_vs_wild
Sobic.003G370100	3	74993553	75185103	1.06e-07	74909592	21	X2020.estimatedPlotYield.N	NR	3	74990971	75000294	+	3	74920001	7.5e+07	0.614442	10	3	74990971	75000294	+	Sobic.003G370100	belongs to the protein kinase superfamily	NA	fst_domestication_landrace_vs_wild
Sobic.003G370200	3	74993553	75185103	1.06e-07	74909592	21	X2020.estimatedPlotYield.N	NR	3	74996540	75006492	-	3	74920001	7.5e+07	0.614442	10	3	74996540	75006492	-	Sobic.003G370200	Castor and Pollux, part of voltage-gated ion channel	NA	fst_domestication_landrace_vs_wild
Sobic.004G006400	4	556281	636281	6.79e-06	596281	1	X2021.LN.stemDiameterLowe	LN	4	584976	592161	-	4	590001	630000	0.465458	2	4	584976	592161	-	Sobic.004G006400	Cytochrome P450	NA	fst_domestication_landrace_vs_wild
Sobic.004G006500	4	556281	636281	6.79e-06	596281	1	X2021.LN.stemDiameterLowe	LN	4	592123	597861	-	4	590001	630000	0.465458	2	4	592123	597861	-	Sobic.004G006500	Protein BYPASS1-related	NA	fst_domestication_landrace_vs_wild
Sobic.004G006600	4	556281	636281	6.79e-06	596281	1	X2021.LN.stemDiameterLowe	LN	4	602603	617169	-	4	590001	630000	0.465458	2	4	602603	617169	-	Sobic.004G006600	A domain family that is part of the cupin metalloenzyme superfamily.	NA	fst_domestication_landrace_vs_wild
Sobic.004G006700	4	556281	636281	6.79e-06	596281	1	X2021.LN.stemDiameterLowe	LN	4	613970	621686	-	4	590001	630000	0.465458	2	4	613970	621686	-	Sobic.004G006700	Tetratricopeptide repeat	NA	fst_domestication_landrace_vs_wild
Sobic.004G006800	4	556281	636281	6.79e-06	596281	1	X2021.LN.stemDiameterLowe	LN	4	626768	637745	+	4	590001	630000	0.465458	2	4	626768	637745	+	Sobic.004G006800	-	NA	fst_domestication_landrace_vs_wild
Sobic.004G201200	4	57792469	57872469	5.15e-06	57832469	1	X2020.HN.daysToFlowe	HN	4	57788305	57797377	+	4	57750001	57840000	0.532785	9	4	57788305	57797377	+	Sobic.004G201200	PHD-like zinc-binding domain	NA	fst_domestication_landrace_vs_wild
Sobic.004G201300	4	57792469	57872469	5.15e-06	57832469	1	X2020.HN.daysToFlowe	HN	4	57797603	57804633	+	4	57750001	57840000	0.532785	9	4	57797603	57804633	+	Sobic.004G201300	Belongs to the NPH3 family	NA	fst_domestication_landrace_vs_wild
Sobic.004G201400	4	57792469	57872469	5.15e-06	57832469	1	X2020.HN.daysToFlowe	HN	4	57817137	57824515	-	4	57750001	57840000	0.532785	9	4	57817137	57824515	-	Sobic.004G201400	Domain of unknown function	NA	fst_domestication_landrace_vs_wild
Sobic.004G201600	4	57792469	57872469	5.15e-06	57832469	1	X2020.HN.daysToFlowe	HN	4	57821850	57829687	-	4	57750001	57840000	0.532785	9	4	57821850	57829687	-	Sobic.004G201600	No apical meristem (NAM) protein	NA	fst_domestication_landrace_vs_wild
Sobic.004G201700	4	57792469	57872469	5.15e-06	57832469	1	X2020.HN.daysToFlowe	HN	4	57831476	57840080	-	4	57750001	57840000	0.532785	9	4	57831476	57840080	-	Sobic.004G201700	Glycosyltransferase family 17	NA	fst_domestication_landrace_vs_wild
Sobic.004G201750	4	57792469	57872469	5.15e-06	57832469	1	X2020.HN.daysToFlowe	HN	4	57834580	57839775	+	4	57750001	57840000	0.532785	9	4	57834580	57839775	+	Sobic.004G201750	NA	NA	fst_domestication_landrace_vs_wild
Sobic.004G304700	4	66884002	66964002	2.5e-06	66924002	1	X2021.HN.daysToFlowe	HN	4	66880740	66887320	+	4	66735001	66895000	0.587958	24	4	66880740	66887320	+	Sobic.004G304700	Legume lectin domain	NA	fst_domestication_landrace_vs_wild
Sobic.004G304800	4	66884002	66964002	2.5e-06	66924002	1	X2021.HN.daysToFlowe	HN	4	66884431	66891808	+	4	66735001	66895000	0.587958	24	4	66884431	66891808	+	Sobic.004G304800	Cytochrome b5-like Heme/Steroid binding domain	NA	fst_domestication_landrace_vs_wild
Sobic.004G304900	4	66884002	66964002	2.5e-06	66924002	1	X2021.HN.daysToFlowe	HN	4	66887839	66894577	-	4	66735001	66895000	0.587958	24	4	66887839	66894577	-	Sobic.004G304900	-	NA	fst_domestication_landrace_vs_wild
Sobic.005G058000	5	6088854	6168854	3.44e-06	6128854	1	X2021.HN.extantLeafNumbe	HN	5	6126778	6132094	+	5	6130001	6170000	0.444546	2	5	6126778	6132094	+	Sobic.005G058000	Protein of unknown function (DUF1618)	NA	fst_domestication_landrace_vs_wild
Sobic.005G058100	5	6088854	6168854	3.44e-06	6128854	1	X2021.HN.extantLeafNumbe	HN	5	6135898	6141226	-	5	6130001	6170000	0.444546	2	5	6135898	6141226	-	Sobic.005G058100	Protein of unknown function (DUF1618)	NA	fst_domestication_landrace_vs_wild
Sobic.005G058200	5	6088854	6168854	3.44e-06	6128854	1	X2021.HN.extantLeafNumbe	HN	5	6142604	6147893	-	5	6130001	6170000	0.444546	2	5	6142604	6147893	-	Sobic.005G058200	Protein of unknown function (DUF1618)	NA	fst_domestication_landrace_vs_wild
Sobic.005G058300	5	6088854	6168854	3.44e-06	6128854	1	X2021.HN.extantLeafNumbe	HN	5	6147542	6153656	+	5	6130001	6170000	0.444546	2	5	6147542	6153656	+	Sobic.005G058300	Protein of unknown function (DUF1618)	NA	fst_domestication_landrace_vs_wild
Sobic.005G058350	5	6088854	6168854	3.44e-06	6128854	1	X2021.HN.extantLeafNumbe	HN	5	6166202	6170786	-	5	6130001	6170000	0.444546	2	5	6166202	6170786	-	Sobic.005G058350	-	NA	fst_domestication_landrace_vs_wild
Sobic.006G121850	6	50195068	50279474	2.22e-06	50239474	7	X2020.HN.rachisDiameterLowe	HN	6	50214690	50220931	+	6	50220001	50270000	0.481081	4	6	50214690	50220931	+	Sobic.006G121850	NA	NA	fst_domestication_landrace_vs_wild
Sobic.006G121900	6	50195068	50279474	2.22e-06	50239474	7	X2020.HN.rachisDiameterLowe	HN	6	50217910	50229803	+	6	50220001	50270000	0.481081	4	6	50217910	50229803	+	Sobic.006G121900	NA	NA	fst_domestication_landrace_vs_wild
Sobic.006G122000	6	50195068	50279474	2.22e-06	50239474	7	X2020.HN.rachisDiameterLowe	HN	6	50232206	50237697	-	6	50220001	50270000	0.481081	4	6	50232206	50237697	-	Sobic.006G122000	Belongs to the cytochrome P450 family	NA	fst_domestication_landrace_vs_wild
Sobic.006G122100	6	50195068	50279474	2.22e-06	50239474	7	X2020.HN.rachisDiameterLowe	HN	6	50237448	50248165	-	6	50220001	50270000	0.481081	4	6	50237448	50248165	-	Sobic.006G122100	DYW family of nucleic acid deaminases	NA	fst_domestication_landrace_vs_wild
Sobic.006G122200	6	50195068	50279474	2.22e-06	50239474	7	X2020.HN.rachisDiameterLowe	HN	6	50244166	50252891	+	6	50220001	50270000	0.481081	4	6	50244166	50252891	+	Sobic.006G122200	Belongs to the glycosyl hydrolase 5 (cellulase A) family	NA	fst_domestication_landrace_vs_wild
Sobic.006G122300	6	50195068	50279474	2.22e-06	50239474	7	X2020.HN.rachisDiameterLowe	HN	6	50249687	50256731	+	6	50220001	50270000	0.481081	4	6	50249687	50256731	+	Sobic.006G122300	Belongs to the glycosyl hydrolase 5 (cellulase A) family	NA	fst_domestication_landrace_vs_wild
Sobic.006G122400	6	50195068	50279474	2.22e-06	50239474	7	X2020.HN.rachisDiameterLowe	HN	6	50253014	50261222	-	6	50220001	50270000	0.481081	4	6	50253014	50261222	-	Sobic.006G122400	Raffinose synthase or seed imbibition protein Sip1	NA	fst_domestication_landrace_vs_wild
Sobic.006G122500	6	50195068	50279474	2.22e-06	50239474	7	X2020.HN.rachisDiameterLowe	HN	6	50258357	50263456	+	6	50220001	50270000	0.481081	4	6	50258357	50263456	+	Sobic.006G122500	Methyltransferase domain	NA	fst_domestication_landrace_vs_wild
Sobic.006G122600	6	50195068	50279474	2.22e-06	50239474	7	X2020.HN.rachisDiameterLowe	HN	6	50259263	50266015	-	6	50220001	50270000	0.481081	4	6	50259263	50266015	-	Sobic.006G122600	Protein-L-isoaspartate O-methyltransferase	NA	fst_domestication_landrace_vs_wild
Sobic.006G122600	6	50195068	50279474	2.22e-06	50239474	7	X2020.HN.rachisDiameterLowe	HN	6	50259263	50266015	-	6	50265001	50315000	0.462642	4	6	50259263	50266015	-	Sobic.006G122600	Protein-L-isoaspartate O-methyltransferase	NA	fst_domestication_landrace_vs_wild
Sobic.006G122700	6	50195068	50279474	2.22e-06	50239474	7	X2020.HN.rachisDiameterLowe	HN	6	50262689	50268984	-	6	50265001	50315000	0.462642	4	6	50262689	50268984	-	Sobic.006G122700	CENP-S associating Centromere protein X	NA	fst_domestication_landrace_vs_wild
Sobic.006G122700	6	50195068	50279474	2.22e-06	50239474	7	X2020.HN.rachisDiameterLowe	HN	6	50262689	50268984	-	6	50220001	50270000	0.481081	4	6	50262689	50268984	-	Sobic.006G122700	CENP-S associating Centromere protein X	NA	fst_domestication_landrace_vs_wild
Sobic.006G122800	6	50195068	50279474	2.22e-06	50239474	7	X2020.HN.rachisDiameterLowe	HN	6	50265504	50271393	-	6	50220001	50270000	0.481081	4	6	50265504	50271393	-	Sobic.006G122800	Dirigent proteins impart stereoselectivity on the phenoxy radical-coupling reaction, yielding optically active lignans from two molecules of coniferyl alcohol in the biosynthesis of lignans, flavonolignans, and alkaloids and thus plays a central role in plant secondary metabolism	NA	fst_domestication_landrace_vs_wild
Sobic.006G122800	6	50195068	50279474	2.22e-06	50239474	7	X2020.HN.rachisDiameterLowe	HN	6	50265504	50271393	-	6	50265001	50315000	0.462642	4	6	50265504	50271393	-	Sobic.006G122800	Dirigent proteins impart stereoselectivity on the phenoxy radical-coupling reaction, yielding optically active lignans from two molecules of coniferyl alcohol in the biosynthesis of lignans, flavonolignans, and alkaloids and thus plays a central role in plant secondary metabolism	NA	fst_domestication_landrace_vs_wild
Sobic.006G122900	6	50195068	50279474	2.22e-06	50239474	7	X2020.HN.rachisDiameterLowe	HN	6	50267716	50274900	-	6	50220001	50270000	0.481081	4	6	50267716	50274900	-	Sobic.006G122900	CENP-S associating Centromere protein X	NA	fst_domestication_landrace_vs_wild
Sobic.006G122900	6	50195068	50279474	2.22e-06	50239474	7	X2020.HN.rachisDiameterLowe	HN	6	50267716	50274900	-	6	50265001	50315000	0.462642	4	6	50267716	50274900	-	Sobic.006G122900	CENP-S associating Centromere protein X	NA	fst_domestication_landrace_vs_wild
Sobic.006G123000	6	50195068	50279474	2.22e-06	50239474	7	X2020.HN.rachisDiameterLowe	HN	6	50278143	50285378	-	6	50265001	50315000	0.462642	4	6	50278143	50285378	-	Sobic.006G123000	WD domain, G-beta repeat	NA	fst_domestication_landrace_vs_wild
Sobic.006G131500	6	50960102	51059557	6.86e-06	51000102	2	X2021.tillersPerPlant.N	NR	6	50974557	50995055	+	6	50990001	51030000	0.467505	2	6	50974557	50995055	+	Sobic.006G131500	serine threonine-protein kinase GCN2	NA	fst_domestication_landrace_vs_wild
Sobic.006G131600	6	50960102	51059557	6.86e-06	51000102	2	X2021.tillersPerPlant.N	NR	6	50994406	50999564	+	6	50990001	51030000	0.467505	2	6	50994406	50999564	+	Sobic.006G131600	EF-hand domain	NA	fst_domestication_landrace_vs_wild
Sobic.006G131700	6	50960102	51059557	6.86e-06	51000102	2	X2021.tillersPerPlant.N	NR	6	51005263	51013088	+	6	50990001	51030000	0.467505	2	6	51005263	51013088	+	Sobic.006G131700	CRS1 / YhbY (CRM) domain	NA	fst_domestication_landrace_vs_wild
Sobic.006G131800	6	50960102	51059557	6.86e-06	51000102	2	X2021.tillersPerPlant.N	NR	6	51008388	51014251	-	6	50990001	51030000	0.467505	2	6	51008388	51014251	-	Sobic.006G131800	B-Box-type zinc finger	NA	fst_domestication_landrace_vs_wild
Sobic.006G131900	6	50960102	51059557	6.86e-06	51000102	2	X2021.tillersPerPlant.N	NR	6	51017372	51022442	-	6	50990001	51030000	0.467505	2	6	51017372	51022442	-	Sobic.006G131900	helix loop helix domain	NA	fst_domestication_landrace_vs_wild
Sobic.006G132000	6	50960102	51059557	6.86e-06	51000102	2	X2021.tillersPerPlant.N	NR	6	51025335	51032979	-	6	50990001	51030000	0.467505	2	6	51025335	51032979	-	Sobic.006G132000	glycine-rich protein	NA	fst_domestication_landrace_vs_wild
Sobic.006G132100	6	50960102	51059557	6.86e-06	51000102	2	X2021.tillersPerPlant.N	NR	6	51029807	51034937	-	6	50990001	51030000	0.467505	2	6	51029807	51034937	-	Sobic.006G132100	atchitiv,atep3,chiv,ep3	NA	fst_domestication_landrace_vs_wild
Sobic.006G229600	6	58757206	58837206	7.41e-06	58797206	1	X2020.stemDiameterUpper.N	NR	6	58777979	58785532	-	6	58785001	58835000	0.465893	3	6	58777979	58785532	-	Sobic.006G229600	Serine threonine-protein kinase	NA	fst_domestication_landrace_vs_wild
Sobic.006G229800	6	58757206	58837206	7.41e-06	58797206	1	X2020.stemDiameterUpper.N	NR	6	58783943	58791555	-	6	58785001	58835000	0.465893	3	6	58783943	58791555	-	Sobic.006G229800	Serine threonine-protein kinase	NA	fst_domestication_landrace_vs_wild
Sobic.006G229901	6	58757206	58837206	7.41e-06	58797206	1	X2020.stemDiameterUpper.N	NR	6	58789471	58798799	-	6	58785001	58835000	0.465893	3	6	58789471	58798799	-	Sobic.006G229901	Serine threonine-protein kinase	NA	fst_domestication_landrace_vs_wild
Sobic.006G230100	6	58757206	58837206	7.41e-06	58797206	1	X2020.stemDiameterUpper.N	NR	6	58802718	58810721	+	6	58785001	58835000	0.465893	3	6	58802718	58810721	+	Sobic.006G230100	Serine threonine-protein kinase	NA	fst_domestication_landrace_vs_wild
Sobic.006G230200	6	58757206	58837206	7.41e-06	58797206	1	X2020.stemDiameterUpper.N	NR	6	58809919	58818886	+	6	58785001	58835000	0.465893	3	6	58809919	58818886	+	Sobic.006G230200	Wall-associated receptor kinase	NA	fst_domestication_landrace_vs_wild
Sobic.006G230300	6	58757206	58837206	7.41e-06	58797206	1	X2020.stemDiameterUpper.N	NR	6	58814890	58822414	-	6	58785001	58835000	0.465893	3	6	58814890	58822414	-	Sobic.006G230300	Protein kinase domain	NA	fst_domestication_landrace_vs_wild
Sobic.006G230400	6	58757206	58837206	7.41e-06	58797206	1	X2020.stemDiameterUpper.N	NR	6	58822982	58831343	+	6	58785001	58835000	0.465893	3	6	58822982	58831343	+	Sobic.006G230400	Diacylglycerol kinase	NA	fst_domestication_landrace_vs_wild
Sobic.006G230500	6	58757206	58837206	7.41e-06	58797206	1	X2020.stemDiameterUpper.N	NR	6	58827838	58832297	+	6	58785001	58835000	0.465893	3	6	58827838	58832297	+	Sobic.006G230500	Wound-induced protein	NA	fst_domestication_landrace_vs_wild
Sobic.006G230600	6	58757206	58837206	7.41e-06	58797206	1	X2020.stemDiameterUpper.N	NR	6	58828624	58833677	-	6	58785001	58835000	0.465893	3	6	58828624	58833677	-	Sobic.006G230600	-	NA	fst_domestication_landrace_vs_wild
Sobic.006G230700	6	58757206	58837206	7.41e-06	58797206	1	X2020.stemDiameterUpper.N	NR	6	58830778	58835621	-	6	58785001	58835000	0.465893	3	6	58830778	58835621	-	Sobic.006G230700	Wound-induced protein	NA	fst_domestication_landrace_vs_wild
Sobic.006G230800	6	58757206	58837206	7.41e-06	58797206	1	X2020.stemDiameterUpper.N	NR	6	58833121	58838361	-	6	58785001	58835000	0.465893	3	6	58833121	58838361	-	Sobic.006G230800	Wound-induced protein	NA	fst_domestication_landrace_vs_wild
Sobic.007G028100	7	2524674	2604674	9.07e-06	2564674	1	X2020.HN.extantLeafNumbe	HN	7	2545113	2555730	+	7	2555001	2630000	0.700191	9	7	2545113	2555730	+	Sobic.007G028100	C-terminal to LisH motif.	NA	fst_domestication_landrace_vs_wild
Sobic.007G028200	7	2524674	2604674	9.07e-06	2564674	1	X2020.HN.extantLeafNumbe	HN	7	2556405	2562815	+	7	2555001	2630000	0.700191	9	7	2556405	2562815	+	Sobic.007G028200	Belongs to the UDP-glycosyltransferase family	NA	fst_domestication_landrace_vs_wild
Sobic.007G028400	7	2524674	2604674	9.07e-06	2564674	1	X2020.HN.extantLeafNumbe	HN	7	2561082	2565590	+	7	2555001	2630000	0.700191	9	7	2561082	2565590	+	Sobic.007G028400	NA	NA	fst_domestication_landrace_vs_wild
Sobic.007G028500	7	2524674	2604674	9.07e-06	2564674	1	X2020.HN.extantLeafNumbe	HN	7	2562287	2568857	+	7	2555001	2630000	0.700191	9	7	2562287	2568857	+	Sobic.007G028500	Snapin/Pallidin	NA	fst_domestication_landrace_vs_wild
Sobic.007G028600	7	2524674	2604674	9.07e-06	2564674	1	X2020.HN.extantLeafNumbe	HN	7	2565314	2572427	-	7	2555001	2630000	0.700191	9	7	2565314	2572427	-	Sobic.007G028600	CorA-like Mg2+ transporter protein	NA	fst_domestication_landrace_vs_wild
Sobic.007G028700	7	2524674	2604674	9.07e-06	2564674	1	X2020.HN.extantLeafNumbe	HN	7	2570598	2577438	-	7	2555001	2630000	0.700191	9	7	2570598	2577438	-	Sobic.007G028700	LSD1 zinc finger	NA	fst_domestication_landrace_vs_wild
Sobic.009G060100	9	6221078	6313138	2.26e-07	6273109	13	X2020.HN.estimatedPlotYiel	HN	9	6308570	6315766	+	9	6310001	6355000	0.470641	3	9	6308570	6315766	+	Sobic.009G060100	Allinase	NA	fst_domestication_landrace_vs_wild
Sobic.009G204633	9	59122456	59202456	1.68e-06	59162456	1	X2021.HN.tillersPerPlan	HN	9	59112999	59123212	+	9	59085001	59145000	0.562955	6	9	59112999	59123212	+	Sobic.009G204633	Catalyzes the phosphorylation of D-fructose 6-phosphate to fructose 1,6-bisphosphate by ATP, the first committing step of glycolysis	NA	fst_domestication_landrace_vs_wild
Sobic.009G204700	9	59122456	59202456	1.68e-06	59162456	1	X2021.HN.tillersPerPlan	HN	9	59118503	59127379	-	9	59085001	59145000	0.562955	6	9	59118503	59127379	-	Sobic.009G204700	receptor-like serine threonine-protein kinase	NA	fst_domestication_landrace_vs_wild
Sobic.009G204800	9	59122456	59202456	1.68e-06	59162456	1	X2021.HN.tillersPerPlan	HN	9	59136910	59145756	+	9	59085001	59145000	0.562955	6	9	59136910	59145756	+	Sobic.009G204800	Carbohydrate-binding protein of the ER	NA	fst_domestication_landrace_vs_wild
Sobic.009G204900	9	59122456	59202456	1.68e-06	59162456	1	X2021.HN.tillersPerPlan	HN	9	59143015	59151247	+	9	59085001	59145000	0.562955	6	9	59143015	59151247	+	Sobic.009G204900	LRR receptor-like serine threonine-protein kinase	NA	fst_domestication_landrace_vs_wild
Sobic.009G255500	9	59960351	62784475	2.39e-15	60816983	2829	X2021.HN.plantHeigh	HN	9	62735342	62742507	+	9	62735001	62775000	0.443743	2	9	62735342	62742507	+	Sobic.009G255500	PCO_ADO	NA	fst_domestication_landrace_vs_wild
Sobic.009G255500	9	62205222	62787611	8.69e-08	62253764	105	X2020.LN.plantHeigh	LN	9	62735342	62742507	+	9	62735001	62775000	0.443743	2	9	62735342	62742507	+	Sobic.009G255500	PCO_ADO	NA	fst_domestication_landrace_vs_wild
Sobic.009G255500	9	62649697	62750383	3.44e-06	62689697	4	X2021.LN.daysToFlowe	LN	9	62735342	62742507	+	9	62735001	62775000	0.443743	2	9	62735342	62742507	+	Sobic.009G255500	PCO_ADO	NA	fst_domestication_landrace_vs_wild
Sobic.009G255500	9	62691632	62784670	1.91e-06	62742367	9	X2021.LN.plantHeigh	LN	9	62735342	62742507	+	9	62735001	62775000	0.443743	2	9	62735342	62742507	+	Sobic.009G255500	PCO_ADO	NA	fst_domestication_landrace_vs_wild
Sobic.009G255600	9	59960351	62784475	2.39e-15	60816983	2829	X2021.HN.plantHeigh	HN	9	62743183	62755917	+	9	62735001	62775000	0.443743	2	9	62743183	62755917	+	Sobic.009G255600	CPSF A subunit region	NA	fst_domestication_landrace_vs_wild
Sobic.009G255600	9	62205222	62787611	8.69e-08	62253764	105	X2020.LN.plantHeigh	LN	9	62743183	62755917	+	9	62735001	62775000	0.443743	2	9	62743183	62755917	+	Sobic.009G255600	CPSF A subunit region	NA	fst_domestication_landrace_vs_wild
Sobic.009G255600	9	62649697	62750383	3.44e-06	62689697	4	X2021.LN.daysToFlowe	LN	9	62743183	62755917	+	9	62735001	62775000	0.443743	2	9	62743183	62755917	+	Sobic.009G255600	CPSF A subunit region	NA	fst_domestication_landrace_vs_wild
Sobic.009G255600	9	62691632	62784670	1.91e-06	62742367	9	X2021.LN.plantHeigh	LN	9	62743183	62755917	+	9	62735001	62775000	0.443743	2	9	62743183	62755917	+	Sobic.009G255600	CPSF A subunit region	NA	fst_domestication_landrace_vs_wild
Sobic.009G255650	9	59960351	62784475	2.39e-15	60816983	2829	X2021.HN.plantHeigh	HN	9	62752017	62756559	-	9	62735001	62775000	0.443743	2	9	62752017	62756559	-	Sobic.009G255650	NA	NA	fst_domestication_landrace_vs_wild
Sobic.009G255650	9	62205222	62787611	8.69e-08	62253764	105	X2020.LN.plantHeigh	LN	9	62752017	62756559	-	9	62735001	62775000	0.443743	2	9	62752017	62756559	-	Sobic.009G255650	NA	NA	fst_domestication_landrace_vs_wild
Sobic.009G255650	9	62691632	62784670	1.91e-06	62742367	9	X2021.LN.plantHeigh	LN	9	62752017	62756559	-	9	62735001	62775000	0.443743	2	9	62752017	62756559	-	Sobic.009G255650	NA	NA	fst_domestication_landrace_vs_wild
Sobic.009G255700	9	59960351	62784475	2.39e-15	60816983	2829	X2021.HN.plantHeigh	HN	9	62752086	62763724	+	9	62735001	62775000	0.443743	2	9	62752086	62763724	+	Sobic.009G255700	SIT4 phosphatase-associated protein	NA	fst_domestication_landrace_vs_wild
Sobic.009G255700	9	62205222	62787611	8.69e-08	62253764	105	X2020.LN.plantHeigh	LN	9	62752086	62763724	+	9	62735001	62775000	0.443743	2	9	62752086	62763724	+	Sobic.009G255700	SIT4 phosphatase-associated protein	NA	fst_domestication_landrace_vs_wild
Sobic.009G255700	9	62691632	62784670	1.91e-06	62742367	9	X2021.LN.plantHeigh	LN	9	62752086	62763724	+	9	62735001	62775000	0.443743	2	9	62752086	62763724	+	Sobic.009G255700	SIT4 phosphatase-associated protein	NA	fst_domestication_landrace_vs_wild
Sobic.009G255800	9	59960351	62784475	2.39e-15	60816983	2829	X2021.HN.plantHeigh	HN	9	62760496	62770663	-	9	62735001	62775000	0.443743	2	9	62760496	62770663	-	Sobic.009G255800	Translation-initiation factor 2	NA	fst_domestication_landrace_vs_wild
Sobic.009G255800	9	62205222	62787611	8.69e-08	62253764	105	X2020.LN.plantHeigh	LN	9	62760496	62770663	-	9	62735001	62775000	0.443743	2	9	62760496	62770663	-	Sobic.009G255800	Translation-initiation factor 2	NA	fst_domestication_landrace_vs_wild
Sobic.009G255800	9	62691632	62784670	1.91e-06	62742367	9	X2021.LN.plantHeigh	LN	9	62760496	62770663	-	9	62735001	62775000	0.443743	2	9	62760496	62770663	-	Sobic.009G255800	Translation-initiation factor 2	NA	fst_domestication_landrace_vs_wild
Sobic.009G255900	9	59960351	62784475	2.39e-15	60816983	2829	X2021.HN.plantHeigh	HN	9	62768415	62777783	-	9	62735001	62775000	0.443743	2	9	62768415	62777783	-	Sobic.009G255900	Protein phosphatase 2C	NA	fst_domestication_landrace_vs_wild
Sobic.009G255900	9	62205222	62787611	8.69e-08	62253764	105	X2020.LN.plantHeigh	LN	9	62768415	62777783	-	9	62735001	62775000	0.443743	2	9	62768415	62777783	-	Sobic.009G255900	Protein phosphatase 2C	NA	fst_domestication_landrace_vs_wild
Sobic.009G255900	9	62691632	62784670	1.91e-06	62742367	9	X2021.LN.plantHeigh	LN	9	62768415	62777783	-	9	62735001	62775000	0.443743	2	9	62768415	62777783	-	Sobic.009G255900	Protein phosphatase 2C	NA	fst_domestication_landrace_vs_wild
Sobic.009G256100	9	59960351	62784475	2.39e-15	60816983	2829	X2021.HN.plantHeigh	HN	9	62782579	62790568	-	9	62790001	62830000	0.485493	2	9	62782579	62790568	-	Sobic.009G256100	isoform X1	NA	fst_domestication_landrace_vs_wild
Sobic.009G256100	9	62205222	62787611	8.69e-08	62253764	105	X2020.LN.plantHeigh	LN	9	62782579	62790568	-	9	62790001	62830000	0.485493	2	9	62782579	62790568	-	Sobic.009G256100	isoform X1	NA	fst_domestication_landrace_vs_wild
Sobic.009G256100	9	62691632	62784670	1.91e-06	62742367	9	X2021.LN.plantHeigh	LN	9	62782579	62790568	-	9	62790001	62830000	0.485493	2	9	62782579	62790568	-	Sobic.009G256100	isoform X1	NA	fst_domestication_landrace_vs_wild
Sobic.009G256200	9	62205222	62787611	8.69e-08	62253764	105	X2020.LN.plantHeigh	LN	9	62786578	62792499	-	9	62790001	62830000	0.485493	2	9	62786578	62792499	-	Sobic.009G256200	-	NA	fst_domestication_landrace_vs_wild
Sobic.010G086000	10	7436620	7526049	5.68e-07	7483318	5	X2020.HN.percentProtei	HN	10	7439820	7446396	+	10	7415001	7460000	0.447746	3	10	7439820	7446396	+	Sobic.010G086000	Cyclin_C	NA	fst_domestication_landrace_vs_wild
Sobic.010G086100	10	7436620	7526049	5.68e-07	7483318	5	X2020.HN.percentProtei	HN	10	7452202	7457886	+	10	7415001	7460000	0.447746	3	10	7452202	7457886	+	Sobic.010G086100	generation of catalytic spliceosome for second transesterification step	NA	fst_domestication_landrace_vs_wild
Sobic.010G086200	10	7436620	7526049	5.68e-07	7483318	5	X2020.HN.percentProtei	HN	10	7459214	7467232	+	10	7415001	7460000	0.447746	3	10	7459214	7467232	+	Sobic.010G086200	domain in glucosyltransferases, myotubularins and other putative membrane-associated proteins	NA	fst_domestication_landrace_vs_wild
Sobic.010G178000	10	53166688	53246688	8.07e-06	53206688	1	X2020.LN.thirdLeafWidt	LN	10	53181057	53185858	+	10	53140001	53185000	0.440935	2	10	53181057	53185858	+	Sobic.010G178000	-	NA	fst_domestication_landrace_vs_wild
Sobic.010G264100	10	61607441	61687441	7.65e-06	61647441	1	X2020.HN.stemDiameterLowe	HN	10	61605128	61621715	-	10	61470001	61650000	0.641446	23	10	61605128	61621715	-	Sobic.010G264100	NA	NA	fst_domestication_landrace_vs_wild
Sobic.010G264200	10	61607441	61687441	7.65e-06	61647441	1	X2020.HN.stemDiameterLowe	HN	10	61620775	61629679	-	10	61470001	61650000	0.641446	23	10	61620775	61629679	-	Sobic.010G264200	Uncharacterised protein family (UPF0183)	NA	fst_domestication_landrace_vs_wild
Sobic.010G264300	10	61607441	61687441	7.65e-06	61647441	1	X2020.HN.stemDiameterLowe	HN	10	61625809	61633143	-	10	61470001	61650000	0.641446	23	10	61625809	61633143	-	Sobic.010G264300	Belongs to the complex I LYR family	NA	fst_domestication_landrace_vs_wild
Sobic.010G264400	10	61607441	61687441	7.65e-06	61647441	1	X2020.HN.stemDiameterLowe	HN	10	61645756	61656490	+	10	61470001	61650000	0.641446	23	10	61645756	61656490	+	Sobic.010G264400	Lipopolysaccharide kinase (Kdo/WaaP) family	NA	fst_domestication_landrace_vs_wild
