selection_class	gene_id	best_neglog10p	best_gwas_pvalue	best_selection_score	best_selection_region	gwas_traits	gene_region	gene_description	overlap_rows	keyword_hit
B2_improved	Sobic.003G366850	6.64397414280688	2.27e-07	2297.11703396143	Chr3:74619147-74699147	X2020.estimatedPlotYield.N	Chr3:74678988-74712223(+)	Protein HASTY 1 isoform X1	864	FALSE
B2_improved	Sobic.003G367000	6.64397414280688	2.27e-07	2083.82813526544	Chr3:74633189-74713189	X2020.estimatedPlotYield.N	Chr3:74710343-74715841(-)	RING-type E3 ubiquitin transferase	105	FALSE
B2_improved	Sobic.003G367100	6.64397414280688	2.27e-07	1952.78722864029	Chr3:74641486-74721486	X2020.estimatedPlotYield.N	Chr3:74721114-74726774(-)	Dof domain, zinc finger	42	FALSE
B2_improved	Sobic.003G367150	6.64397414280688	2.27e-07	1744.48436382621	Chr3:74651022-74731022	X2020.estimatedPlotYield.N	Chr3:74730784-74735960(+)		4	FALSE
B2_improved	Sobic.009G230800	5.91364016932525	1.22e-06	2073.40568990843	Chr9:60813367-60893367	X2020.rachisLength.N	Chr9:60892509-60901170(-)	Belongs to the iron ascorbate-dependent oxidoreductase family	608	FALSE
B2_improved	Sobic.009G230900	5.91364016932525	1.22e-06	2039.43668323115	Chr9:60827446-60907446	X2020.rachisLength.N	Chr9:60906793-60911543(+)	-	415	FALSE
B2_improved	Sobic.009G231000	5.91364016932525	1.22e-06	2018.53803806327	Chr9:60831334-60911334	X2020.rachisLength.N	Chr9:60911333-60915817(+)		314	FALSE
B2_improved	Sobic.009G231100	5.91364016932525	1.22e-06	2001.43448416184	Chr9:60834456-60914456	X2020.rachisLength.N	Chr9:60914369-60921739(-)	Cytidylyltransferase	291	FALSE
B2_improved	Sobic.009G231200	5.91364016932525	1.22e-06	1949.03183642655	Chr9:60840877-60920877	X2020.rachisLength.N	Chr9:60920559-60928826(+)	UBA-like domain (DUF1421)	257	FALSE
B2_improved	Sobic.009G231300	5.91364016932525	1.22e-06	1939.36809950571	Chr9:60846678-60926678	X2020.rachisLength.N	Chr9:60925646-60933126(-)	Stress-induced protein Di19, C-terminal	191	FALSE
B2_improved	Sobic.009G231400	5.91364016932525	1.22e-06	1907.45915089162	Chr9:60850738-60930738	X2020.rachisLength.N	Chr9:60930612-60937291(-)	DnaJ C terminal domain	169	FALSE
B2_improved	Sobic.009G231500	5.91364016932525	1.22e-06	1715.72318596023	Chr9:60861013-60941013	X2020.rachisLength.N	Chr9:60940762-60945812(-)	Protein of unknown function (DUF679)	28	FALSE
B2_improved	Sobic.003G066600	5.61261017366127	2.44e-06	1762.25031276865	Chr3:5723158-5803158	X2020.daysToFlower.N	Chr3:5718327-5724464(+)	Protein of unknown function (DUF674)	66	FALSE
B2_improved	Sobic.003G066700	5.61261017366127	2.44e-06	1762.25031276865	Chr3:5723158-5803158	X2020.daysToFlower.N	Chr3:5720548-5726590(-)	A Receptor for Ubiquitination Targets	84	FALSE
B2_improved	Sobic.003G066801	5.61261017366127	2.44e-06	1762.25031276865	Chr3:5723158-5803158	X2020.daysToFlower.N	Chr3:5723524-5729449(+)		84	FALSE
B2_improved	Sobic.003G066900	5.61261017366127	2.44e-06	1762.25031276865	Chr3:5723158-5803158	X2020.daysToFlower.N	Chr3:5731969-5736871(-)	Protein of unknown function (DUF674)	84	FALSE
B2_improved	Sobic.003G067000	5.61261017366127	2.44e-06	1762.25031276865	Chr3:5723158-5803158	X2020.daysToFlower.N	Chr3:5738730-5743723(-)	Protein of unknown function (DUF674)	84	FALSE
B2_improved	Sobic.003G067100	5.61261017366127	2.44e-06	1762.25031276865	Chr3:5723158-5803158	X2020.daysToFlower.N	Chr3:5746346-5760814(-)	GAD domain	84	FALSE
B2_improved	Sobic.003G067201	5.61261017366127	2.44e-06	1762.25031276865	Chr3:5723158-5803158	X2020.daysToFlower.N	Chr3:5756073-5765421(+)	Pentacotripeptide-repeat region of PRORP	84	FALSE
B2_improved	Sobic.005G102300	5.54821356447571	2.83e-06	3450.78869176053	Chr5:17991752-18071752	X2021.tillersPerPlant.N	Chr5:18061046-18065942(-)	Dirigent proteins impart stereoselectivity on the phenoxy radical-coupling reaction, yielding optically active lignans from two molecules of coniferyl alcohol in the biosynthesis of lignans, flavonolignans, and alkaloids and thus plays a central role in plant secondary metabolism	947	FALSE
B2_improved	Sobic.005G102351	5.54821356447571	2.83e-06	3450.78869176053	Chr5:17991752-18071752	X2021.tillersPerPlant.N	Chr5:18065849-18070443(+)		786	FALSE
B2_improved	Sobic.005G102401	5.54821356447571	2.83e-06	3450.78869176053	Chr5:17991752-18071752	X2021.tillersPerPlant.N	Chr5:18069198-18074176(-)	Dirigent proteins impart stereoselectivity on the phenoxy radical-coupling reaction, yielding optically active lignans from two molecules of coniferyl alcohol in the biosynthesis of lignans, flavonolignans, and alkaloids and thus plays a central role in plant secondary metabolism	753	FALSE
B2_improved	Sobic.001G189500	5.10402526764094	7.87e-06	1700.80657404909	Chr1:16870106-16950106	X2020.estimatedPlotYield.N	Chr1:16888998-16898653(-)	D-arabinono-1,4-lactone oxidase	24	FALSE
B2_improved	Sobic.001G189600	5.10402526764094	7.87e-06	1700.80657404909	Chr1:16870106-16950106	X2020.estimatedPlotYield.N	Chr1:16903427-16913043(+)	F-box LRR-repeat protein	24	FALSE
B2_improved	Sobic.001G189700	5.10402526764094	7.87e-06	1700.80657404909	Chr1:16870106-16950106	X2020.estimatedPlotYield.N	Chr1:16909452-16914783(-)	DnaJ molecular chaperone homology domain	24	FALSE
B2_improved	Sobic.001G189800	5.10402526764094	7.87e-06	1700.80657404909	Chr1:16870106-16950106	X2020.estimatedPlotYield.N	Chr1:16918235-16922978(-)	DnaJ molecular chaperone homology domain	24	FALSE
B2_improved	Sobic.001G189900	5.10402526764094	7.87e-06	1700.80657404909	Chr1:16870106-16950106	X2020.estimatedPlotYield.N	Chr1:16922246-16927609(+)	-	24	FALSE
B2_improved	Sobic.001G189950	5.10402526764094	7.87e-06	1700.80657404909	Chr1:16870106-16950106	X2020.estimatedPlotYield.N	Chr1:16938634-16943663(+)	-	24	FALSE
B2_improved	Sobic.001G190000	5.10402526764094	7.87e-06	1700.80657404909	Chr1:16870106-16950106	X2020.estimatedPlotYield.N	Chr1:16939764-16946312(+)	SANT  SWI3, ADA2, N-CoR and TFIIIB'' DNA-binding domains	24	FALSE
B2_improved	Sobic.001G190100	5.10402526764094	7.87e-06	1700.80657404909	Chr1:16870106-16950106	X2020.estimatedPlotYield.N	Chr1:16944102-16952873(-)	divergent subfamily of APPLE domains	24	FALSE
B2_improved	Sobic.005G174750	5.09366495819491	8.06e-06	2252.12930747436	Chr5:70487893-70567893	X2020.medianLeafAngle.N	Chr5:70567600-70572918(-)		232	FALSE
B2_improved	Sobic.005G174800	5.09366495819491	8.06e-06	2119.88413752853	Chr5:70499351-70579351	X2020.medianLeafAngle.N	Chr5:70577241-70581754(+)		16	FALSE
B2_improved	Sobic.005G174900	5.09366495819491	8.06e-06	2034.37977916542	Chr5:70502220-70582220	X2020.medianLeafAngle.N	Chr5:70581858-70586461(+)		10	FALSE
B2_landrace	Sobic.010G208300	5.42250820016277	3.78e-06	1242.170782	Chr10:56722232-56808066	X2021.tillersPerPlant.N	Chr10:56735860-56742067(+)	Transcriptional activator that binds specific DNA sequence	1	TRUE
B2_landrace	Sobic.003G226800	5.08830984124614	8.16e-06	1780.274094	Chr3:62585879-62679802	X2020.medianLeafAngle.N	Chr3:62679658-62685769(+)	Heat stress transcription factor C-1a	1	TRUE
B2_landrace	Sobic.004G313800	8.46852108295774	3.4e-09	1126.97519	Chr4:67558639-67639884	X2020.panicleGrainWeight.N	Chr4:67573347-67578049(-)	-	1	FALSE
B2_landrace	Sobic.004G313900	8.46852108295774	3.4e-09	1126.97519	Chr4:67558639-67639884	X2020.panicleGrainWeight.N	Chr4:67579659-67588966(+)	in StAR and phosphatidylcholine transfer protein	1	FALSE
B2_landrace	Sobic.004G314000	8.46852108295774	3.4e-09	1126.97519	Chr4:67558639-67639884	X2020.panicleGrainWeight.N	Chr4:67591915-67604999(+)	NRDE-2, necessary for RNA interference	1	FALSE
B2_landrace	Sobic.004G314100	8.46852108295774	3.4e-09	1126.97519	Chr4:67558639-67639884	X2020.panicleGrainWeight.N	Chr4:67600825-67607909(-)	-	1	FALSE
B2_landrace	Sobic.004G314200	8.46852108295774	3.4e-09	1126.97519	Chr4:67558639-67639884	X2020.panicleGrainWeight.N	Chr4:67614061-67620778(+)	Lignin degradation and detoxification of lignin-derived products	1	FALSE
B2_landrace	Sobic.004G314300	8.46852108295774	3.4e-09	1126.97519	Chr4:67558639-67639884	X2020.panicleGrainWeight.N	Chr4:67624264-67630847(+)	Lignin degradation and detoxification of lignin-derived products	1	FALSE
B2_landrace	Sobic.007G080300	7.36251027048749	4.34e-08	1458.807393	Chr7:9443389-9551719	X2021.tillersPerPlant.N	Chr7:9504460-9511344(+)	BTB POZ and MATH domain-containing protein	1	FALSE
B2_landrace	Sobic.006G206600	7.32148162095989	4.77e-08	1146.09356	Chr6:57025424-57107016	X2020.estimatedPlotYield.N	Chr6:57022600-57028055(+)	Peptidyl-tRNA hydrolase PTH2	1	FALSE
B2_landrace	Sobic.006G206700	7.32148162095989	4.77e-08	1146.09356	Chr6:57025424-57107016	X2020.estimatedPlotYield.N	Chr6:57025296-57033470(-)	Leucine-rich repeats, typical (most populated) subfamily	1	FALSE
B2_landrace	Sobic.006G206800	7.32148162095989	4.77e-08	1146.09356	Chr6:57025424-57107016	X2020.estimatedPlotYield.N	Chr6:57040772-57058525(-)	This magnesium-dependent enzyme catalyzes the hydrolysis of ATP coupled with the transport of calcium	1	FALSE
B2_landrace	Sobic.003G366850	6.64397414280688	2.27e-07	1328.525719	Chr3:74711942-74803992	X2020.estimatedPlotYield.N	Chr3:74678988-74712223(+)	Protein HASTY 1 isoform X1	1	FALSE
B2_landrace	Sobic.003G367000	6.64397414280688	2.27e-07	1328.525719	Chr3:74711942-74803992	X2020.estimatedPlotYield.N	Chr3:74710343-74715841(-)	RING-type E3 ubiquitin transferase	1	FALSE
B2_landrace	Sobic.003G367100	6.64397414280688	2.27e-07	1328.525719	Chr3:74711942-74803992	X2020.estimatedPlotYield.N	Chr3:74721114-74726774(-)	Dof domain, zinc finger	1	FALSE
B2_landrace	Sobic.003G367150	6.64397414280688	2.27e-07	1328.525719	Chr3:74711942-74803992	X2020.estimatedPlotYield.N	Chr3:74730784-74735960(+)		1	FALSE
B2_landrace	Sobic.003G367200	6.64397414280688	2.27e-07	1328.525719	Chr3:74711942-74803992	X2020.estimatedPlotYield.N	Chr3:74733929-74738932(+)	Anaphase-promoting complex subunit 11 RING-H2 finger	1	FALSE
B2_landrace	Sobic.003G367300	6.64397414280688	2.27e-07	1328.525719	Chr3:74711942-74803992	X2020.estimatedPlotYield.N	Chr3:74738877-74746516(+)	Belongs to the actin family	1	FALSE
B2_landrace	Sobic.003G367402	6.64397414280688	2.27e-07	1328.525719	Chr3:74711942-74803992	X2020.estimatedPlotYield.N	Chr3:74746948-74751693(+)	Histone H3	1	FALSE
B2_landrace	Sobic.003G367451	6.64397414280688	2.27e-07	1328.525719	Chr3:74711942-74803992	X2020.estimatedPlotYield.N	Chr3:74747761-74756290(+)	Belongs to the synaptobrevin family	1	FALSE
B2_landrace	Sobic.003G367500	6.64397414280688	2.27e-07	1328.525719	Chr3:74711942-74803992	X2020.estimatedPlotYield.N	Chr3:74753287-74759659(+)	Belongs to the FBPase class 1 family	1	FALSE
B2_landrace	Sobic.003G367601	6.64397414280688	2.27e-07	1328.525719	Chr3:74711942-74803992	X2020.estimatedPlotYield.N	Chr3:74755756-74760762(-)	Soluble inorganic pyrophosphatase	1	FALSE
B2_landrace	Sobic.003G367701	6.64397414280688	2.27e-07	1328.525719	Chr3:74711942-74803992	X2020.estimatedPlotYield.N	Chr3:74756789-74762756(-)	Soluble inorganic pyrophosphatase	1	FALSE
B2_landrace	Sobic.003G367800	6.64397414280688	2.27e-07	1328.525719	Chr3:74711942-74803992	X2020.estimatedPlotYield.N	Chr3:74759907-74764866(-)	Belongs to the BolA IbaG family	1	FALSE
B2_landrace	Sobic.003G367900	6.64397414280688	2.27e-07	1328.525719	Chr3:74711942-74803992	X2020.estimatedPlotYield.N	Chr3:74761280-74767998(-)	LSM domain	1	FALSE
B2_landrace	Sobic.003G368000	6.64397414280688	2.27e-07	1328.525719	Chr3:74711942-74803992	X2020.estimatedPlotYield.N	Chr3:74767867-74776799(+)	Belongs to the TUB family	1	FALSE
B2_landrace	Sobic.003G368100	6.64397414280688	2.27e-07	1328.525719	Chr3:74711942-74803992	X2020.estimatedPlotYield.N	Chr3:74773499-74780693(-)	Transferase family	1	FALSE
B2_landrace	Sobic.003G368200	6.64397414280688	2.27e-07	1328.525719	Chr3:74711942-74803992	X2020.estimatedPlotYield.N	Chr3:74782529-74790610(+)	WD40 repeats	1	FALSE
B2_landrace	Sobic.003G368300	6.64397414280688	2.27e-07	1328.525719	Chr3:74711942-74803992	X2020.estimatedPlotYield.N	Chr3:74787040-74794386(-)	basic region leucin zipper	1	FALSE
B2_landrace	Sobic.003G368400	6.64397414280688	2.27e-07	1328.525719	Chr3:74711942-74803992	X2020.estimatedPlotYield.N	Chr3:74799987-74814794(+)	Glycosyltransferase family 28 N-terminal domain	1	FALSE
B2_landrace	Sobic.004G103400	6.1518108830086	7.05e-07	1179.668064	Chr4:9833885-9913885	X2020.panicleGrainWeight.N	Chr4:9874142-9886801(-)	Leucine Rich Repeat	1	FALSE
B2_landrace	Sobic.004G103500	6.1518108830086	7.05e-07	1179.668064	Chr4:9833885-9913885	X2020.panicleGrainWeight.N	Chr4:9892526-9897403(-)	-	1	FALSE
B2_landrace	Sobic.004G103600	6.1518108830086	7.05e-07	1179.668064	Chr4:9833885-9913885	X2020.panicleGrainWeight.N	Chr4:9899217-9906642(+)	Functions as component of the Arp2 3 complex which is involved in regulation of actin polymerization and together with an activating nucleation-promoting factor (NPF) mediates the formation of branched actin networks	1	FALSE
B2_landrace	Sobic.004G103700	6.1518108830086	7.05e-07	1179.668064	Chr4:9833885-9913885	X2020.panicleGrainWeight.N	Chr4:9903498-9909823(-)	Ribosomal protein L16p/L10e	1	FALSE
B2_landrace	Sobic.008G024100	5.84771165561694	1.42e-06	1230.22052	Chr8:2167950-2254806	X2020.panicleGrainWeight.N;X2020.rachisLength.N	Chr8:2191305-2201536(-)	BEST Arabidopsis thaliana protein match is	2	FALSE
B2_landrace	Sobic.008G024200	5.84771165561694	1.42e-06	1230.22052	Chr8:2167950-2254806	X2020.panicleGrainWeight.N;X2020.rachisLength.N	Chr8:2217649-2224388(+)	Belongs to the universal ribosomal protein uL11 family	2	FALSE
B2_landrace	Sobic.002G073200	5.7281583934635	1.87e-06	1189.469698	Chr2:7510124-7599931	X2020.rachisLength.N	Chr2:7556510-7568005(-)	Belongs to the peptidase M24B family	1	FALSE
B2_landrace	Sobic.002G073300	5.7281583934635	1.87e-06	1189.469698	Chr2:7510124-7599931	X2020.rachisLength.N	Chr2:7585231-7592482(+)		1	FALSE
B2_landrace	Sobic.002G073350	5.7281583934635	1.87e-06	1189.469698	Chr2:7510124-7599931	X2020.rachisLength.N	Chr2:7589320-7594574(+)		1	FALSE
B2_landrace	Sobic.002G073475	5.7281583934635	1.87e-06	1189.469698	Chr2:7510124-7599931	X2020.rachisLength.N	Chr2:7596917-7602833(-)		1	FALSE
B2_landrace	Sobic.009G127900	5.65560772631489	2.21e-06	1295.993472	Chr9:51845691-51932685	X2020.rachisLength.N	Chr9:51839644-51847701(-)		1	FALSE
B2_landrace	Sobic.005G102300	5.54821356447571	2.83e-06	1867.445306	Chr5:17962546-18087601	X2021.tillersPerPlant.N	Chr5:18061046-18065942(-)	Dirigent proteins impart stereoselectivity on the phenoxy radical-coupling reaction, yielding optically active lignans from two molecules of coniferyl alcohol in the biosynthesis of lignans, flavonolignans, and alkaloids and thus plays a central role in plant secondary metabolism	1	FALSE
B2_landrace	Sobic.005G102351	5.54821356447571	2.83e-06	1867.445306	Chr5:17962546-18087601	X2021.tillersPerPlant.N	Chr5:18065849-18070443(+)		1	FALSE
B2_landrace	Sobic.005G102401	5.54821356447571	2.83e-06	1867.445306	Chr5:17962546-18087601	X2021.tillersPerPlant.N	Chr5:18069198-18074176(-)	Dirigent proteins impart stereoselectivity on the phenoxy radical-coupling reaction, yielding optically active lignans from two molecules of coniferyl alcohol in the biosynthesis of lignans, flavonolignans, and alkaloids and thus plays a central role in plant secondary metabolism	1	FALSE
B2_landrace	Sobic.005G177900	5.48545224733971	3.27e-06	1228.027944	Chr5:71080478-71193030	X2021.tillersPerPlant.N	Chr5:71078959-71087370(+)	TB2/DP1, HVA22 family	1	FALSE
B2_landrace	Sobic.005G178001	5.48545224733971	3.27e-06	1228.027944	Chr5:71080478-71193030	X2021.tillersPerPlant.N	Chr5:71090223-71095193(-)		1	FALSE
B2_landrace	Sobic.005G178100	5.48545224733971	3.27e-06	1228.027944	Chr5:71080478-71193030	X2021.tillersPerPlant.N	Chr5:71094338-71100697(-)	Kelch motif	1	FALSE
B2_landrace	Sobic.010G208400	5.42250820016277	3.78e-06	1242.170782	Chr10:56722232-56808066	X2021.tillersPerPlant.N	Chr10:56738477-56750837(-)	Lysosomal Pro-X carboxypeptidase	1	FALSE
B2_landrace	Sobic.010G208600	5.42250820016277	3.78e-06	1242.170782	Chr10:56722232-56808066	X2021.tillersPerPlant.N	Chr10:56756908-56772865(-)	Lysosomal Pro-X carboxypeptidase	1	FALSE
B2_landrace	Sobic.010G208700	5.42250820016277	3.78e-06	1242.170782	Chr10:56722232-56808066	X2021.tillersPerPlant.N	Chr10:56773885-56785276(-)	Lysosomal Pro-X carboxypeptidase	1	FALSE
B2_landrace	Sobic.006G135600	5.28819277095881	5.15e-06	1149.369243	Chr6:51263377-51347208	X2021.tillersPerPlant.N	Chr6:51259218-51264782(+)	S-adenosylmethionine decarboxylase proenzyme	1	FALSE
B2_landrace	Sobic.006G135800	5.28819277095881	5.15e-06	1149.369243	Chr6:51263377-51347208	X2021.tillersPerPlant.N	Chr6:51267769-51275457(-)	cytoskeletal protein binding	1	FALSE
B2_landrace	Sobic.006G135900	5.28819277095881	5.15e-06	1149.369243	Chr6:51263377-51347208	X2021.tillersPerPlant.N	Chr6:51275999-51283930(+)	Belongs to the AAA ATPase family	1	FALSE
B2_landrace	Sobic.006G136000	5.28819277095881	5.15e-06	1149.369243	Chr6:51263377-51347208	X2021.tillersPerPlant.N	Chr6:51279856-51286290(-)	zinc-finger of acetyl-transferase ESCO	1	FALSE
B2_landrace	Sobic.006G136100	5.28819277095881	5.15e-06	1149.369243	Chr6:51263377-51347208	X2021.tillersPerPlant.N	Chr6:51285360-51292578(+)	BT1 family	1	FALSE
B2_landrace	Sobic.006G136200	5.28819277095881	5.15e-06	1149.369243	Chr6:51263377-51347208	X2021.tillersPerPlant.N	Chr6:51288363-51296223(-)	May have a role in the cell cycle	1	FALSE
B2_landrace	Sobic.007G048500	5.16367588429325	6.86e-06	1199.42502	Chr7:4799977-4885574	X2020.leafAngleStandardDeviation.N	Chr7:4796690-4801049(-)	-	1	FALSE
B2_landrace	Sobic.007G048600	5.16367588429325	6.86e-06	1199.42502	Chr7:4799977-4885574	X2020.leafAngleStandardDeviation.N	Chr7:4801777-4808513(-)	Belongs to the oxygen-dependent FAD-linked oxidoreductase family	1	FALSE
B2_landrace	Sobic.004G220200	5.15242734085789	7.04e-06	1159.326607	Chr4:59476746-59557150	X2021.plantHeight.N	Chr4:59538684-59553117(+)	-	1	FALSE
B2_landrace	Sobic.009G035000	5.11918640771921	7.6e-06	1990.552313	Chr9:3216568-3344963	X2020.estimatedPlotYield.N	Chr9:3233450-3240422(+)	-	1	FALSE
B2_landrace	Sobic.009G035100	5.11918640771921	7.6e-06	1990.552313	Chr9:3216568-3344963	X2020.estimatedPlotYield.N	Chr9:3234971-3241360(-)	Thioesterase superfamily	1	FALSE
B2_landrace	Sobic.009G035200	5.11918640771921	7.6e-06	1990.552313	Chr9:3216568-3344963	X2020.estimatedPlotYield.N	Chr9:3237249-3246065(-)	Thioesterase superfamily	1	FALSE
B2_landrace	Sobic.001G155400	5.10182351650232	7.91e-06	1135.117652	Chr1:12675784-12757615	X2021.plantHeight.N	Chr1:12712369-12722094(+)	Belongs to the eIF-2B alpha beta delta subunits family	1	FALSE
B2_landrace	Sobic.001G155500	5.10182351650232	7.91e-06	1135.117652	Chr1:12675784-12757615	X2021.plantHeight.N	Chr1:12718316-12725611(-)	Pyruvate dehydrogenase E1 component subunit	1	FALSE
B2_landrace	Sobic.001G155600	5.10182351650232	7.91e-06	1135.117652	Chr1:12675784-12757615	X2021.plantHeight.N	Chr1:12721933-12729746(-)	Belongs to the expansin family	1	FALSE
B2_landrace	Sobic.001G155700	5.10182351650232	7.91e-06	1135.117652	Chr1:12675784-12757615	X2021.plantHeight.N	Chr1:12727206-12735566(-)	Belongs to the expansin family	1	FALSE
B2_landrace	Sobic.001G155800	5.10182351650232	7.91e-06	1135.117652	Chr1:12675784-12757615	X2021.plantHeight.N	Chr1:12734306-12740167(-)	Piriformospora indica-insensitive protein	1	FALSE
B2_landrace	Sobic.001G155900	5.10182351650232	7.91e-06	1135.117652	Chr1:12675784-12757615	X2021.plantHeight.N	Chr1:12746843-12752137(+)	Cotton fibre expressed protein	1	FALSE
B2_landrace	Sobic.001G156000	5.10182351650232	7.91e-06	1135.117652	Chr1:12675784-12757615	X2021.plantHeight.N	Chr1:12750138-12755514(+)	Glutathione S-transferase, C-terminal domain	1	FALSE
B2_landrace	Sobic.001G156100	5.10182351650232	7.91e-06	1135.117652	Chr1:12675784-12757615	X2021.plantHeight.N	Chr1:12753521-12762825(+)	Belongs to the class-III pyridoxal-phosphate-dependent aminotransferase family	1	FALSE
B2_landrace	Sobic.005G174750	5.09366495819491	8.06e-06	1940.714921	Chr5:70464355-70584818	X2020.medianLeafAngle.N	Chr5:70567600-70572918(-)		1	FALSE
B2_landrace	Sobic.005G174800	5.09366495819491	8.06e-06	1940.714921	Chr5:70464355-70584818	X2020.medianLeafAngle.N	Chr5:70577241-70581754(+)		1	FALSE
B2_landrace	Sobic.005G174900	5.09366495819491	8.06e-06	1940.714921	Chr5:70464355-70584818	X2020.medianLeafAngle.N	Chr5:70581858-70586461(+)		1	FALSE
B2_landrace	Sobic.002G122900	5.04191415147891	9.08e-06	1605.143132	Chr2:16509705-16642226	X2020.daysToFlower.N	Chr2:16583999-16589512(-)	Protein of unknown function (DUF707)	1	FALSE
B2_landrace	Sobic.002G123000	5.04191415147891	9.08e-06	1605.143132	Chr2:16509705-16642226	X2020.daysToFlower.N	Chr2:16588652-16604173(-)	Mut7-C RNAse domain	1	FALSE
B2_landrace	Sobic.002G123100	5.04191415147891	9.08e-06	1605.143132	Chr2:16509705-16642226	X2020.daysToFlower.N	Chr2:16601865-16610808(-)	Alpha galactosidase A	1	FALSE
B2_landrace	Sobic.002G123201	5.04191415147891	9.08e-06	1605.143132	Chr2:16509705-16642226	X2020.daysToFlower.N	Chr2:16613151-16620754(-)	DNA-directed RNA	1	FALSE
B2_landrace	Sobic.002G123300	5.04191415147891	9.08e-06	1605.143132	Chr2:16509705-16642226	X2020.daysToFlower.N	Chr2:16616986-16622457(+)	Encoded by	1	FALSE
B2_landrace	Sobic.003G246100	5.03338901331807	9.26e-06	1152.079226	Chr3:64816433-64900644	X2021.plantHeight.N	Chr3:64809141-64818223(+)	JAB1/Mov34/MPN/PAD-1 ubiquitin protease	1	FALSE
B2_landrace	Sobic.003G246200	5.03338901331807	9.26e-06	1152.079226	Chr3:64816433-64900644	X2021.plantHeight.N	Chr3:64819165-64825081(-)	Protein of unknown function (DUF1645)	1	FALSE
B2_landrace	Sobic.003G246300	5.03338901331807	9.26e-06	1152.079226	Chr3:64816433-64900644	X2021.plantHeight.N	Chr3:64823164-64828745(-)	-	1	FALSE
B2_landrace	Sobic.003G246400	5.03338901331807	9.26e-06	1152.079226	Chr3:64816433-64900644	X2021.plantHeight.N	Chr3:64841287-64846241(+)	Ribosomal protein L7/L12 C-terminal domain	1	FALSE
B2_landrace	Sobic.003G246500	5.03338901331807	9.26e-06	1152.079226	Chr3:64816433-64900644	X2021.plantHeight.N	Chr3:64843664-64850088(+)	3'-5' exonuclease	1	FALSE
B2_landrace	Sobic.003G246600	5.03338901331807	9.26e-06	1152.079226	Chr3:64816433-64900644	X2021.plantHeight.N	Chr3:64847706-64852489(+)	Family of unknown function (DUF5323)	1	FALSE
B2_landrace	Sobic.003G246700	5.03338901331807	9.26e-06	1152.079226	Chr3:64816433-64900644	X2021.plantHeight.N	Chr3:64851097-64861651(-)	Scaffold protein for the de novo synthesis of iron- sulfur (Fe-S) clusters within mitochondria, which is required for maturation of both mitochondrial and cytoplasmic 2Fe-2S and 4Fe-4S proteins	1	FALSE
B2_landrace	Sobic.003G246800	5.03338901331807	9.26e-06	1152.079226	Chr3:64816433-64900644	X2021.plantHeight.N	Chr3:64862533-64868250(-)	GATA zinc finger	1	FALSE
B2_landrace	Sobic.003G246900	5.03338901331807	9.26e-06	1152.079226	Chr3:64816433-64900644	X2021.plantHeight.N	Chr3:64878755-64884266(-)	Myb-like DNA-binding domain	1	FALSE
B2_landrace	Sobic.008G024300	5.01099538430146	9.75e-06	1230.22052	Chr8:2167950-2254806	X2020.rachisLength.N	Chr8:2239444-2248854(+)	belongs to the protein kinase superfamily	1	FALSE
B2_wild	Sobic.010G208300	5.42250820016277	3.78e-06	1156.626599	Chr10:56722029-56810607	X2021.tillersPerPlant.N	Chr10:56735860-56742067(+)	Transcriptional activator that binds specific DNA sequence	1	TRUE
B2_wild	Sobic.004G324000	5.12842706445412	7.44e-06	976.0162615	Chr4:68367946-68514840	X2020.estimatedPlotYield.N	Chr4:68398377-68409236(+)	Glutamate-gated receptor that probably acts as non- selective cation channel	1	TRUE
B2_wild	Sobic.003G226800	5.08830984124614	8.16e-06	1334.104665	Chr3:62585122-62712536	X2020.medianLeafAngle.N	Chr3:62679658-62685769(+)	Heat stress transcription factor C-1a	1	TRUE
B2_wild	Sobic.004G313800	8.46852108295774	3.4e-09	1067.692543	Chr4:67554960-67642211	X2020.panicleGrainWeight.N	Chr4:67573347-67578049(-)	-	1	FALSE
B2_wild	Sobic.004G313900	8.46852108295774	3.4e-09	1067.692543	Chr4:67554960-67642211	X2020.panicleGrainWeight.N	Chr4:67579659-67588966(+)	in StAR and phosphatidylcholine transfer protein	1	FALSE
B2_wild	Sobic.004G314000	8.46852108295774	3.4e-09	1067.692543	Chr4:67554960-67642211	X2020.panicleGrainWeight.N	Chr4:67591915-67604999(+)	NRDE-2, necessary for RNA interference	1	FALSE
B2_wild	Sobic.004G314100	8.46852108295774	3.4e-09	1067.692543	Chr4:67554960-67642211	X2020.panicleGrainWeight.N	Chr4:67600825-67607909(-)	-	1	FALSE
B2_wild	Sobic.004G314200	8.46852108295774	3.4e-09	1067.692543	Chr4:67554960-67642211	X2020.panicleGrainWeight.N	Chr4:67614061-67620778(+)	Lignin degradation and detoxification of lignin-derived products	1	FALSE
B2_wild	Sobic.004G314300	8.46852108295774	3.4e-09	1067.692543	Chr4:67554960-67642211	X2020.panicleGrainWeight.N	Chr4:67624264-67630847(+)	Lignin degradation and detoxification of lignin-derived products	1	FALSE
B2_wild	Sobic.006G206800	7.32148162095989	4.77e-08	1037.535899	Chr6:57057350-57171704	X2020.estimatedPlotYield.N	Chr6:57040772-57058525(-)	This magnesium-dependent enzyme catalyzes the hydrolysis of ATP coupled with the transport of calcium	1	FALSE
B2_wild	Sobic.003G369200	7.00261361560269	9.94e-08	1760.138826	Chr3:74906259-75015740	X2020.estimatedPlotYield.N	Chr3:74909588-74925728(-)	DNA polymerase	1	FALSE
B2_wild	Sobic.003G369400	7.00261361560269	9.94e-08	1760.138826	Chr3:74906259-75015740	X2020.estimatedPlotYield.N	Chr3:74937218-74948584(-)	Plant protein of unknown function (DUF639)	1	FALSE
B2_wild	Sobic.003G369500	7.00261361560269	9.94e-08	1760.138826	Chr3:74906259-75015740	X2020.estimatedPlotYield.N	Chr3:74944931-74953687(-)	NPL4 family	1	FALSE
B2_wild	Sobic.003G369600	7.00261361560269	9.94e-08	1760.138826	Chr3:74906259-75015740	X2020.estimatedPlotYield.N	Chr3:74950842-74957627(+)	magnesium transporter	1	FALSE
B2_wild	Sobic.003G369700	7.00261361560269	9.94e-08	1760.138826	Chr3:74906259-75015740	X2020.estimatedPlotYield.N	Chr3:74954287-74975843(-)	Sister chromatid cohesion protein PDS5 homolog	1	FALSE
B2_wild	Sobic.003G370100	6.97469413473523	1.06e-07	1760.138826	Chr3:74906259-75015740	X2020.estimatedPlotYield.N	Chr3:74990971-75000294(+)	belongs to the protein kinase superfamily	1	FALSE
B2_wild	Sobic.003G370200	6.97469413473523	1.06e-07	1760.138826	Chr3:74906259-75015740	X2020.estimatedPlotYield.N	Chr3:74996540-75006492(-)	Castor and Pollux, part of voltage-gated ion channel	1	FALSE
B2_wild	Sobic.003G370300	6.97469413473523	1.06e-07	1760.138826	Chr3:74906259-75015740	X2020.estimatedPlotYield.N	Chr3:75013148-75026665(+)	DNA repair protein XRCC2 homolog	1	FALSE
B2_wild	Sobic.002G081801	6.55284196865778	2.8e-07	1177.355702	Chr2:8650630-8738318	X2021.tillersPerPlant.N	Chr2:8710946-8738730(-)	NB-ARC domain	1	FALSE
B2_wild	Sobic.006G168300	6.1681302257195	6.79e-07	1131.950476	Chr6:53888116-53982361	X2020.plantHeight.N	Chr6:53980733-53989991(+)	NUDIX domain	1	FALSE
B2_wild	Sobic.001G296400	5.68402965454308	2.07e-06	835.8653877	Chr1:61687880-61767900	X2020.daysToFlower.N	Chr1:61671789-61692941(+)	Palmitoyl protein thioesterase	1	FALSE
B2_wild	Sobic.001G296500	5.68402965454308	2.07e-06	835.8653877	Chr1:61687880-61767900	X2020.daysToFlower.N	Chr1:61696910-61715686(-)	Armadillo/beta-catenin-like repeat	1	FALSE
B2_wild	Sobic.008G163500	5.66554624884907	2.16e-06	1028.484833	Chr8:62806139-62891439	X2020.estimatedPlotYield.N	Chr8:62795658-62806191(+)	WD40 repeats	1	FALSE
B2_wild	Sobic.008G163601	5.66554624884907	2.16e-06	1028.484833	Chr8:62806139-62891439	X2020.estimatedPlotYield.N	Chr8:62802359-62807523(-)		1	FALSE
B2_wild	Sobic.008G163700	5.66554624884907	2.16e-06	1028.484833	Chr8:62806139-62891439	X2020.estimatedPlotYield.N	Chr8:62810017-62820301(+)	helix loop helix domain	1	FALSE
B2_wild	Sobic.008G163800	5.66554624884907	2.16e-06	1028.484833	Chr8:62806139-62891439	X2020.estimatedPlotYield.N	Chr8:62831624-62837569(-)	-	1	FALSE
B2_wild	Sobic.008G164000	5.66554624884907	2.16e-06	1028.484833	Chr8:62806139-62891439	X2020.estimatedPlotYield.N	Chr8:62849558-62854784(-)	-	1	FALSE
B2_wild	Sobic.008G164101	5.66554624884907	2.16e-06	1028.484833	Chr8:62806139-62891439	X2020.estimatedPlotYield.N	Chr8:62854771-62865532(+)	-	1	FALSE
B2_wild	Sobic.008G164201	5.66554624884907	2.16e-06	1028.484833	Chr8:62806139-62891439	X2020.estimatedPlotYield.N	Chr8:62874011-62878830(+)		1	FALSE
B2_wild	Sobic.003G202600	5.55595520408192	2.78e-06	1616.804005	Chr3:59517276-59688821	X2020.rachisLength.N	Chr3:59552719-59562114(+)	single-stranded telomeric DNA binding	1	FALSE
B2_wild	Sobic.003G202700	5.55595520408192	2.78e-06	1616.804005	Chr3:59517276-59688821	X2020.rachisLength.N	Chr3:59562633-59569033(-)	PPR repeat	1	FALSE
B2_wild	Sobic.003G202800	5.55595520408192	2.78e-06	1616.804005	Chr3:59517276-59688821	X2020.rachisLength.N	Chr3:59575882-59583563(-)	Holocarboxylase synthetase	1	FALSE
B2_wild	Sobic.003G202900	5.55595520408192	2.78e-06	1616.804005	Chr3:59517276-59688821	X2020.rachisLength.N	Chr3:59579811-59586336(+)	-	1	FALSE
B2_wild	Sobic.003G203000	5.55595520408192	2.78e-06	1616.804005	Chr3:59517276-59688821	X2020.rachisLength.N	Chr3:59587198-59592576(+)	One-helix protein	1	FALSE
B2_wild	Sobic.003G203100	5.55595520408192	2.78e-06	1616.804005	Chr3:59517276-59688821	X2020.rachisLength.N	Chr3:59589380-59597542(-)	DYW family of nucleic acid deaminases	1	FALSE
B2_wild	Sobic.003G203200	5.55595520408192	2.78e-06	1616.804005	Chr3:59517276-59688821	X2020.rachisLength.N	Chr3:59597457-59601915(+)	Arabinogalactan peptide	1	FALSE
B2_wild	Sobic.003G203300	5.55595520408192	2.78e-06	1616.804005	Chr3:59517276-59688821	X2020.rachisLength.N	Chr3:59600253-59609632(-)	-	1	FALSE
B2_wild	Sobic.003G203400	5.55595520408192	2.78e-06	1616.804005	Chr3:59517276-59688821	X2020.rachisLength.N	Chr3:59615457-59624305(+)	Protein kinase domain	1	FALSE
B2_wild	Sobic.003G203500	5.55595520408192	2.78e-06	1616.804005	Chr3:59517276-59688821	X2020.rachisLength.N	Chr3:59628685-59640835(+)	Belongs to the aldehyde dehydrogenase family	1	FALSE
B2_wild	Sobic.005G102300	5.54821356447571	2.83e-06	2870.176172	Chr5:17941372-18109711	X2021.tillersPerPlant.N	Chr5:18061046-18065942(-)	Dirigent proteins impart stereoselectivity on the phenoxy radical-coupling reaction, yielding optically active lignans from two molecules of coniferyl alcohol in the biosynthesis of lignans, flavonolignans, and alkaloids and thus plays a central role in plant secondary metabolism	1	FALSE
B2_wild	Sobic.005G102351	5.54821356447571	2.83e-06	2870.176172	Chr5:17941372-18109711	X2021.tillersPerPlant.N	Chr5:18065849-18070443(+)		1	FALSE
B2_wild	Sobic.005G102401	5.54821356447571	2.83e-06	2870.176172	Chr5:17941372-18109711	X2021.tillersPerPlant.N	Chr5:18069198-18074176(-)	Dirigent proteins impart stereoselectivity on the phenoxy radical-coupling reaction, yielding optically active lignans from two molecules of coniferyl alcohol in the biosynthesis of lignans, flavonolignans, and alkaloids and thus plays a central role in plant secondary metabolism	1	FALSE
B2_wild	Sobic.006G235100	5.46470587995723	3.43e-06	2384.104082	Chr6:58762922-59116193	X2020.estimatedPlotYield.N	Chr6:59091892-59096620(+)	-	1	FALSE
B2_wild	Sobic.006G235300	5.46470587995723	3.43e-06	2384.104082	Chr6:58762922-59116193	X2020.estimatedPlotYield.N	Chr6:59102826-59109521(+)	Stress enhanced protein 2	1	FALSE
B2_wild	Sobic.006G235350	5.46470587995723	3.43e-06	2384.104082	Chr6:58762922-59116193	X2020.estimatedPlotYield.N	Chr6:59104404-59111531(-)	-	1	FALSE
B2_wild	Sobic.006G235400	5.46470587995723	3.43e-06	2384.104082	Chr6:58762922-59116193	X2020.estimatedPlotYield.N	Chr6:59107554-59119287(+)	ABC1 family	1	FALSE
B2_wild	Sobic.006G235500	5.46470587995723	3.43e-06	2384.104082	Chr6:58762922-59116193	X2020.estimatedPlotYield.N	Chr6:59115358-59123379(-)	Shikimate kinase	1	FALSE
B2_wild	Sobic.010G208400	5.42250820016277	3.78e-06	1156.626599	Chr10:56722029-56810607	X2021.tillersPerPlant.N	Chr10:56738477-56750837(-)	Lysosomal Pro-X carboxypeptidase	1	FALSE
B2_wild	Sobic.010G208600	5.42250820016277	3.78e-06	1156.626599	Chr10:56722029-56810607	X2021.tillersPerPlant.N	Chr10:56756908-56772865(-)	Lysosomal Pro-X carboxypeptidase	1	FALSE
B2_wild	Sobic.010G208700	5.42250820016277	3.78e-06	1156.626599	Chr10:56722029-56810607	X2021.tillersPerPlant.N	Chr10:56773885-56785276(-)	Lysosomal Pro-X carboxypeptidase	1	FALSE
B2_wild	Sobic.005G116100	5.41116827440579	3.88e-06	1823.342829	Chr5:55417416-55517754	X2020.panicleGrainWeight.N	Chr5:55453326-55460036(+)	-	1	FALSE
B2_wild	Sobic.004G324500	5.40011692792631	3.98e-06	976.0162615	Chr4:68367946-68514840	X2020.paniclesPerPlot.N	Chr4:68507883-68517772(-)		1	FALSE
B2_wild	Sobic.002G137800	5.37986394502624	4.17e-06	1752.158766	Chr2:21338323-21451631	X2020.estimatedPlotYield.N	Chr2:21348408-21355931(+)	Belongs to the iron ascorbate-dependent oxidoreductase family	1	FALSE
B2_wild	Sobic.008G095200	5.32422165832592	4.74e-06	1038.344861	Chr8:47775192-47862997	X2020.panicleGrainWeight.N	Chr8:47822129-47849670(-)	histone H2A-K119 monoubiquitination	1	FALSE
B2_wild	Sobic.006G135587	5.28819277095881	5.15e-06	1090.737224	Chr6:51259658-51346516	X2021.tillersPerPlant.N	Chr6:51258885-51263129(+)	S-adenosyl-l-methionine decarboxylase leader peptide	1	FALSE
B2_wild	Sobic.006G135600	5.28819277095881	5.15e-06	1090.737224	Chr6:51259658-51346516	X2021.tillersPerPlant.N	Chr6:51259218-51264782(+)	S-adenosylmethionine decarboxylase proenzyme	1	FALSE
B2_wild	Sobic.006G135800	5.28819277095881	5.15e-06	1090.737224	Chr6:51259658-51346516	X2021.tillersPerPlant.N	Chr6:51267769-51275457(-)	cytoskeletal protein binding	1	FALSE
B2_wild	Sobic.006G135900	5.28819277095881	5.15e-06	1090.737224	Chr6:51259658-51346516	X2021.tillersPerPlant.N	Chr6:51275999-51283930(+)	Belongs to the AAA ATPase family	1	FALSE
B2_wild	Sobic.006G136000	5.28819277095881	5.15e-06	1090.737224	Chr6:51259658-51346516	X2021.tillersPerPlant.N	Chr6:51279856-51286290(-)	zinc-finger of acetyl-transferase ESCO	1	FALSE
B2_wild	Sobic.006G136100	5.28819277095881	5.15e-06	1090.737224	Chr6:51259658-51346516	X2021.tillersPerPlant.N	Chr6:51285360-51292578(+)	BT1 family	1	FALSE
B2_wild	Sobic.006G136200	5.28819277095881	5.15e-06	1090.737224	Chr6:51259658-51346516	X2021.tillersPerPlant.N	Chr6:51288363-51296223(-)	May have a role in the cell cycle	1	FALSE
B2_wild	Sobic.003G313500	5.28066871301627	5.24e-06	1254.483509	Chr3:70426895-70534489	X2020.estimatedPlotYield.N	Chr3:70483746-70503055(-)	MATH domain-containing protein	1	FALSE
B2_wild	Sobic.003G313700	5.28066871301627	5.24e-06	1254.483509	Chr3:70426895-70534489	X2020.estimatedPlotYield.N	Chr3:70500532-70508679(-)	NB-ARC domain	1	FALSE
B2_wild	Sobic.003G313800	5.28066871301627	5.24e-06	1254.483509	Chr3:70426895-70534489	X2020.estimatedPlotYield.N	Chr3:70526871-70534897(-)	Cytokinin dehydrogenase 1, FAD and cytokinin binding	1	FALSE
B2_wild	Sobic.006G155200	5.27083521030723	5.36e-06	919.2721711	Chr6:52874808-52965141	X2020.panicleGrainWeight.N	Chr6:52870994-52877722(+)	POT family	1	FALSE
B2_wild	Sobic.006G155300	5.27083521030723	5.36e-06	919.2721711	Chr6:52874808-52965141	X2020.panicleGrainWeight.N	Chr6:52874198-52881703(+)	Belongs to the MIP aquaporin (TC 1.A.8) family	1	FALSE
B2_wild	Sobic.006G155400	5.27083521030723	5.36e-06	919.2721711	Chr6:52874808-52965141	X2020.panicleGrainWeight.N	Chr6:52877240-52885412(-)	Protein of unknown function (DUF789)	1	FALSE
B2_wild	Sobic.006G155500	5.27083521030723	5.36e-06	919.2721711	Chr6:52874808-52965141	X2020.panicleGrainWeight.N	Chr6:52884381-52889840(+)	UPF0426 protein At1g28150	1	FALSE
B2_wild	Sobic.006G155600	5.27083521030723	5.36e-06	919.2721711	Chr6:52874808-52965141	X2020.panicleGrainWeight.N	Chr6:52890259-52895260(+)	-	1	FALSE
B2_wild	Sobic.006G155700	5.27083521030723	5.36e-06	919.2721711	Chr6:52874808-52965141	X2020.panicleGrainWeight.N	Chr6:52893182-52903952(+)	ABC-2 type transporter	1	FALSE
B2_wild	Sobic.006G155800	5.27083521030723	5.36e-06	919.2721711	Chr6:52874808-52965141	X2020.panicleGrainWeight.N	Chr6:52902905-52909508(-)	Hus1-like protein	1	FALSE
B2_wild	Sobic.006G155900	5.27083521030723	5.36e-06	919.2721711	Chr6:52874808-52965141	X2020.panicleGrainWeight.N	Chr6:52906438-52912932(-)	Serine arginine repetitive matrix protein	1	FALSE
B2_wild	Sobic.006G156000	5.27083521030723	5.36e-06	919.2721711	Chr6:52874808-52965141	X2020.panicleGrainWeight.N	Chr6:52916413-52921406(-)	Ferredoxin thioredoxin reductase variable alpha chain	1	FALSE
B2_wild	Sobic.006G156100	5.27083521030723	5.36e-06	919.2721711	Chr6:52874808-52965141	X2020.panicleGrainWeight.N	Chr6:52922404-52928677(-)	DNA-binding domain in plant proteins such as APETALA2 and EREBPs	1	FALSE
B2_wild	Sobic.008G000040	5.23582386760967	5.81e-06	1326.707678	Chr8:29824-122609	X2021.tillersPerPlant.N	Chr8:38230-43781(-)	Belongs to the ATG8 family	1	FALSE
B2_wild	Sobic.008G000060	5.23582386760967	5.81e-06	1326.707678	Chr8:29824-122609	X2021.tillersPerPlant.N	Chr8:42111-49763(+)	mRNA transport	1	FALSE
B2_wild	Sobic.008G000080	5.23582386760967	5.81e-06	1326.707678	Chr8:29824-122609	X2021.tillersPerPlant.N	Chr8:48280-55199(-)	Fusaric acid resistance protein-like	1	FALSE
B2_wild	Sobic.008G000100	5.23582386760967	5.81e-06	1326.707678	Chr8:29824-122609	X2021.tillersPerPlant.N	Chr8:65091-73266(-)	Serine aminopeptidase, S33	1	FALSE
B2_wild	Sobic.008G000201	5.23582386760967	5.81e-06	1326.707678	Chr8:29824-122609	X2021.tillersPerPlant.N	Chr8:69787-75758(-)	Serine aminopeptidase, S33	1	FALSE
B2_wild	Sobic.008G000300	5.23582386760967	5.81e-06	1326.707678	Chr8:29824-122609	X2021.tillersPerPlant.N	Chr8:73240-82955(-)		1	FALSE
B2_wild	Sobic.008G000400	5.23582386760967	5.81e-06	1326.707678	Chr8:29824-122609	X2021.tillersPerPlant.N	Chr8:78173-85537(+)	GHMP kinases N terminal domain	1	FALSE
B2_wild	Sobic.008G000500	5.23582386760967	5.81e-06	1326.707678	Chr8:29824-122609	X2021.tillersPerPlant.N	Chr8:93068-99048(-)	Exo70 exocyst complex subunit	1	FALSE
B2_wild	Sobic.008G000600	5.23582386760967	5.81e-06	1326.707678	Chr8:29824-122609	X2021.tillersPerPlant.N	Chr8:96583-106880(+)	RNase P subunit p30	1	FALSE
B2_wild	Sobic.008G000700	5.23582386760967	5.81e-06	1326.707678	Chr8:29824-122609	X2021.tillersPerPlant.N	Chr8:103555-108816(+)	CCT motif	1	FALSE
B2_wild	Sobic.008G000800	5.23582386760967	5.81e-06	1326.707678	Chr8:29824-122609	X2021.tillersPerPlant.N	Chr8:104977-117800(-)	Belongs to the TRAFAC class myosin-kinesin ATPase superfamily. Kinesin family	1	FALSE
B2_wild	Sobic.008G000900	5.23582386760967	5.81e-06	1326.707678	Chr8:29824-122609	X2021.tillersPerPlant.N	Chr8:115609-119875(-)		1	FALSE
B2_wild	Sobic.008G001000	5.23582386760967	5.81e-06	1326.707678	Chr8:29824-122609	X2021.tillersPerPlant.N	Chr8:116462-130204(+)	PAS domain	1	FALSE
B2_wild	Sobic.001G121700	5.1890957193313	6.47e-06	2384.262297	Chr1:9505635-9636677	X2020.panicleGrainWeight.N	Chr1:9611477-9617716(-)	Fantastic Four meristem regulator	1	FALSE
B2_wild	Sobic.001G121800	5.1890957193313	6.47e-06	2384.262297	Chr1:9505635-9636677	X2020.panicleGrainWeight.N	Chr1:9621006-9628249(+)		1	FALSE
B2_wild	Sobic.005G209100	5.18508681872493	6.53e-06	1087.967824	Chr5:74692238-74777000	X2021.plantHeight.N	Chr5:74707222-74713539(+)	Belongs to the GRAS family	1	FALSE
B2_wild	Sobic.005G209200	5.18508681872493	6.53e-06	1087.967824	Chr5:74692238-74777000	X2021.plantHeight.N	Chr5:74712576-74718627(+)	Belongs to the GRAS family	1	FALSE
B2_wild	Sobic.005G209300	5.18508681872493	6.53e-06	1087.967824	Chr5:74692238-74777000	X2021.plantHeight.N	Chr5:74723509-74729711(+)	Belongs to the GRAS family	1	FALSE
B2_wild	Sobic.005G209400	5.18508681872493	6.53e-06	1087.967824	Chr5:74692238-74777000	X2021.plantHeight.N	Chr5:74728342-74738327(+)	Protein kinase domain	1	FALSE
B2_wild	Sobic.005G209500	5.18508681872493	6.53e-06	1087.967824	Chr5:74692238-74777000	X2021.plantHeight.N	Chr5:74735584-74740614(+)	Protein MID1-COMPLEMENTING ACTIVITY	1	FALSE
B2_wild	Sobic.005G209550	5.18508681872493	6.53e-06	1087.967824	Chr5:74692238-74777000	X2021.plantHeight.N	Chr5:74741418-74746047(+)		1	FALSE
B2_wild	Sobic.005G209600	5.18508681872493	6.53e-06	1087.967824	Chr5:74692238-74777000	X2021.plantHeight.N	Chr5:74749924-74763484(-)	Belongs to the TRAFAC class myosin-kinesin ATPase superfamily. Kinesin family	1	FALSE
B2_wild	Sobic.006G229250	5.13018179202067	7.41e-06	2384.104082	Chr6:58762922-59116193	X2020.stemDiameterUpper.N	Chr6:58758986-58763782(-)		1	FALSE
B2_wild	Sobic.006G229300	5.13018179202067	7.41e-06	2384.104082	Chr6:58762922-59116193	X2020.stemDiameterUpper.N	Chr6:58759615-58768171(+)	divergent subfamily of APPLE domains	1	FALSE
B2_wild	Sobic.006G229400	5.13018179202067	7.41e-06	2384.104082	Chr6:58762922-59116193	X2020.stemDiameterUpper.N	Chr6:58767930-58772841(-)	Cenp-O kinetochore centromere component	1	FALSE
B2_wild	Sobic.006G229500	5.13018179202067	7.41e-06	2384.104082	Chr6:58762922-59116193	X2020.stemDiameterUpper.N	Chr6:58773650-58780857(+)	Serine threonine-protein kinase	1	FALSE
B2_wild	Sobic.006G229600	5.13018179202067	7.41e-06	2384.104082	Chr6:58762922-59116193	X2020.stemDiameterUpper.N	Chr6:58777979-58785532(-)	Serine threonine-protein kinase	1	FALSE
B2_wild	Sobic.006G229800	5.13018179202067	7.41e-06	2384.104082	Chr6:58762922-59116193	X2020.stemDiameterUpper.N	Chr6:58783943-58791555(-)	Serine threonine-protein kinase	1	FALSE
B2_wild	Sobic.006G229901	5.13018179202067	7.41e-06	2384.104082	Chr6:58762922-59116193	X2020.stemDiameterUpper.N	Chr6:58789471-58798799(-)	Serine threonine-protein kinase	1	FALSE
B2_wild	Sobic.006G230100	5.13018179202067	7.41e-06	2384.104082	Chr6:58762922-59116193	X2020.stemDiameterUpper.N	Chr6:58802718-58810721(+)	Serine threonine-protein kinase	1	FALSE
B2_wild	Sobic.006G230200	5.13018179202067	7.41e-06	2384.104082	Chr6:58762922-59116193	X2020.stemDiameterUpper.N	Chr6:58809919-58818886(+)	Wall-associated receptor kinase	1	FALSE
B2_wild	Sobic.006G230300	5.13018179202067	7.41e-06	2384.104082	Chr6:58762922-59116193	X2020.stemDiameterUpper.N	Chr6:58814890-58822414(-)	Protein kinase domain	1	FALSE
B2_wild	Sobic.006G230400	5.13018179202067	7.41e-06	2384.104082	Chr6:58762922-59116193	X2020.stemDiameterUpper.N	Chr6:58822982-58831343(+)	Diacylglycerol kinase	1	FALSE
B2_wild	Sobic.006G230500	5.13018179202067	7.41e-06	2384.104082	Chr6:58762922-59116193	X2020.stemDiameterUpper.N	Chr6:58827838-58832297(+)	Wound-induced protein	1	FALSE
B2_wild	Sobic.006G230600	5.13018179202067	7.41e-06	2384.104082	Chr6:58762922-59116193	X2020.stemDiameterUpper.N	Chr6:58828624-58833677(-)	-	1	FALSE
B2_wild	Sobic.006G230700	5.13018179202067	7.41e-06	2384.104082	Chr6:58762922-59116193	X2020.stemDiameterUpper.N	Chr6:58830778-58835621(-)	Wound-induced protein	1	FALSE
B2_wild	Sobic.006G230800	5.13018179202067	7.41e-06	2384.104082	Chr6:58762922-59116193	X2020.stemDiameterUpper.N	Chr6:58833121-58838361(-)	Wound-induced protein	1	FALSE
B2_wild	Sobic.004G323700	5.12842706445412	7.44e-06	976.0162615	Chr4:68367946-68514840	X2020.estimatedPlotYield.N	Chr4:68379048-68389284(+)	Ring finger domain	1	FALSE
B2_wild	Sobic.004G323800	5.12842706445412	7.44e-06	976.0162615	Chr4:68367946-68514840	X2020.estimatedPlotYield.N	Chr4:68385334-68392337(-)	PCRF	1	FALSE
B2_wild	Sobic.004G323900	5.12842706445412	7.44e-06	976.0162615	Chr4:68367946-68514840	X2020.estimatedPlotYield.N	Chr4:68390562-68399126(+)	-	1	FALSE
B2_wild	Sobic.004G324100	5.12842706445412	7.44e-06	976.0162615	Chr4:68367946-68514840	X2020.estimatedPlotYield.N	Chr4:68405333-68417162(-)	Diacylglycerol kinase accessory domain (presumed)	1	FALSE
B2_wild	Sobic.004G324200	5.12842706445412	7.44e-06	976.0162615	Chr4:68367946-68514840	X2020.estimatedPlotYield.N	Chr4:68421040-68427691(+)	RNA-binding component of the eukaryotic translation initiation factor 3 (eIF-3) complex, which is involved in protein synthesis of a specialized repertoire of mRNAs and, together with other initiation factors, stimulates binding of mRNA and methionyl-tRNAi to the 40S ribosome. The eIF-3 complex specifically targets and initiates translation of a subset of mRNAs involved in cell proliferation. This subunit can bind 18S rRNA	1	FALSE
B2_wild	Sobic.001G189500	5.10402526764094	7.87e-06	923.7650507	Chr1:16837862-16920626	X2020.estimatedPlotYield.N	Chr1:16888998-16898653(-)	D-arabinono-1,4-lactone oxidase	1	FALSE
B2_wild	Sobic.001G189600	5.10402526764094	7.87e-06	923.7650507	Chr1:16837862-16920626	X2020.estimatedPlotYield.N	Chr1:16903427-16913043(+)	F-box LRR-repeat protein	1	FALSE
B2_wild	Sobic.001G189700	5.10402526764094	7.87e-06	923.7650507	Chr1:16837862-16920626	X2020.estimatedPlotYield.N	Chr1:16909452-16914783(-)	DnaJ molecular chaperone homology domain	1	FALSE
B2_wild	Sobic.001G189800	5.10402526764094	7.87e-06	923.7650507	Chr1:16837862-16920626	X2020.estimatedPlotYield.N	Chr1:16918235-16922978(-)	DnaJ molecular chaperone homology domain	1	FALSE
B2_wild	Sobic.002G103450	5.10237290870956	7.9e-06	1313.132291	Chr2:12133500-12245101	X2020.extantLeafNumber.N	Chr2:12200922-12209985(+)		1	FALSE
B2_wild	Sobic.005G174750	5.09366495819491	8.06e-06	1099.364403	Chr5:70466158-70583363	X2020.medianLeafAngle.N	Chr5:70567600-70572918(-)		1	FALSE
B2_wild	Sobic.005G174800	5.09366495819491	8.06e-06	1099.364403	Chr5:70466158-70583363	X2020.medianLeafAngle.N	Chr5:70577241-70581754(+)		1	FALSE
B2_wild	Sobic.005G174900	5.09366495819491	8.06e-06	1099.364403	Chr5:70466158-70583363	X2020.medianLeafAngle.N	Chr5:70581858-70586461(+)		1	FALSE
B2_wild	Sobic.003G226900	5.08830984124614	8.16e-06	1334.104665	Chr3:62585122-62712536	X2020.medianLeafAngle.N	Chr3:62695895-62704613(-)	Belongs to the peptidase A1 family	1	FALSE
B2_wild	Sobic.003G226950	5.08830984124614	8.16e-06	1334.104665	Chr3:62585122-62712536	X2020.medianLeafAngle.N	Chr3:62698265-62703443(+)		1	FALSE
B2_wild	Sobic.005G098000	5.05551732784983	8.8e-06	1052.60026	Chr5:16102503-16186858	X2021.tillersPerPlant.N	Chr5:16107454-16116438(+)	Belongs to the serpin family	1	FALSE
B2_wild	Sobic.005G098050	5.05551732784983	8.8e-06	1052.60026	Chr5:16102503-16186858	X2021.tillersPerPlant.N	Chr5:16109894-16115778(-)		1	FALSE
B2_wild	Sobic.005G098100	5.05551732784983	8.8e-06	1052.60026	Chr5:16102503-16186858	X2021.tillersPerPlant.N	Chr5:16123937-16136984(+)		1	FALSE
B2_wild	Sobic.005G098200	5.05551732784983	8.8e-06	1052.60026	Chr5:16102503-16186858	X2021.tillersPerPlant.N	Chr5:16128716-16136022(-)	Protein tyrosine kinase	1	FALSE
B2_wild	Sobic.003G246200	5.03338901331807	9.26e-06	881.4218891	Chr3:64819114-64902197	X2021.plantHeight.N	Chr3:64819165-64825081(-)	Protein of unknown function (DUF1645)	1	FALSE
B2_wild	Sobic.003G246300	5.03338901331807	9.26e-06	881.4218891	Chr3:64819114-64902197	X2021.plantHeight.N	Chr3:64823164-64828745(-)	-	1	FALSE
B2_wild	Sobic.003G246400	5.03338901331807	9.26e-06	881.4218891	Chr3:64819114-64902197	X2021.plantHeight.N	Chr3:64841287-64846241(+)	Ribosomal protein L7/L12 C-terminal domain	1	FALSE
B2_wild	Sobic.003G246500	5.03338901331807	9.26e-06	881.4218891	Chr3:64819114-64902197	X2021.plantHeight.N	Chr3:64843664-64850088(+)	3'-5' exonuclease	1	FALSE
B2_wild	Sobic.003G246600	5.03338901331807	9.26e-06	881.4218891	Chr3:64819114-64902197	X2021.plantHeight.N	Chr3:64847706-64852489(+)	Family of unknown function (DUF5323)	1	FALSE
B2_wild	Sobic.003G246700	5.03338901331807	9.26e-06	881.4218891	Chr3:64819114-64902197	X2021.plantHeight.N	Chr3:64851097-64861651(-)	Scaffold protein for the de novo synthesis of iron- sulfur (Fe-S) clusters within mitochondria, which is required for maturation of both mitochondrial and cytoplasmic 2Fe-2S and 4Fe-4S proteins	1	FALSE
B2_wild	Sobic.003G246800	5.03338901331807	9.26e-06	881.4218891	Chr3:64819114-64902197	X2021.plantHeight.N	Chr3:64862533-64868250(-)	GATA zinc finger	1	FALSE
B2_wild	Sobic.003G246900	5.03338901331807	9.26e-06	881.4218891	Chr3:64819114-64902197	X2021.plantHeight.N	Chr3:64878755-64884266(-)	Myb-like DNA-binding domain	1	FALSE
B2_wild	Sobic.003G163100	5.0195421077239	9.56e-06	1326.006571	Chr3:20441714-20569337	X2020.thirdLeafLength.N	Chr3:20475963-20488681(+)	Protein kinase domain	1	FALSE
FST_breeding	Sobic.004G031100	5.47366072261016	3.36e-06	0.307263	Chr4:2495001-2585000	X2020.primaryBranchNumber.N	Chr4:2541063-2546241(-)	bZIP transcription factor	1	TRUE
FST_breeding	Sobic.004G324000	5.12842706445412	7.44e-06	0.277638	Chr4:68365001-68410000	X2020.estimatedPlotYield.N	Chr4:68398377-68409236(+)	Glutamate-gated receptor that probably acts as non- selective cation channel	1	TRUE
FST_breeding	Sobic.001G249200	6.07727454200674	8.37e-07	0.274236	Chr1:27065001-27120000	X2020.thirdLeafLength.N	Chr1:27057733-27067348(-)	KH domain	1	FALSE
FST_breeding	Sobic.001G249233	6.07727454200674	8.37e-07	0.274236	Chr1:27065001-27120000	X2020.thirdLeafLength.N	Chr1:27067424-27074175(-)		1	FALSE
FST_breeding	Sobic.001G249266	6.07727454200674	8.37e-07	0.274236	Chr1:27065001-27120000	X2020.thirdLeafLength.N	Chr1:27084624-27089075(+)		1	FALSE
FST_breeding	Sobic.001G249300	6.07727454200674	8.37e-07	0.274236	Chr1:27065001-27120000	X2020.thirdLeafLength.N	Chr1:27090570-27097296(+)	Leucine Rich Repeat	1	FALSE
FST_breeding	Sobic.001G249400	6.07727454200674	8.37e-07	0.274236	Chr1:27065001-27120000	X2020.thirdLeafLength.N	Chr1:27110641-27119264(+)	Tetrapyrrole (Corrin/Porphyrin) Methylases	1	FALSE
FST_breeding	Sobic.004G030600	5.47366072261016	3.36e-06	0.307263	Chr4:2495001-2585000	X2020.primaryBranchNumber.N	Chr4:2500847-2509315(-)	PPR repeat	1	FALSE
FST_breeding	Sobic.004G030700	5.47366072261016	3.36e-06	0.307263	Chr4:2495001-2585000	X2020.primaryBranchNumber.N	Chr4:2505548-2513188(-)	conserved protein UCP030365	1	FALSE
FST_breeding	Sobic.004G030800	5.47366072261016	3.36e-06	0.307263	Chr4:2495001-2585000	X2020.primaryBranchNumber.N	Chr4:2514642-2527732(+)	Proline-, glutamic acid- and leucine-rich protein	1	FALSE
FST_breeding	Sobic.004G030900	5.47366072261016	3.36e-06	0.307263	Chr4:2495001-2585000	X2020.primaryBranchNumber.N	Chr4:2528150-2537894(+)	The RING-variant domain is a C4HC3 zinc-finger like motif found in a number of cellular and viral proteins. Some of these proteins have been shown both in vivo and in vitro to have ubiquitin E3 ligase activity.	1	FALSE
FST_breeding	Sobic.004G030966	5.47366072261016	3.36e-06	0.307263	Chr4:2495001-2585000	X2020.primaryBranchNumber.N	Chr4:2537382-2541720(+)		1	FALSE
FST_breeding	Sobic.004G031032	5.47366072261016	3.36e-06	0.307263	Chr4:2495001-2585000	X2020.primaryBranchNumber.N	Chr4:2539644-2544198(-)		1	FALSE
FST_breeding	Sobic.004G031200	5.47366072261016	3.36e-06	0.307263	Chr4:2495001-2585000	X2020.primaryBranchNumber.N	Chr4:2542451-2546576(-)	expressed protein	1	FALSE
FST_breeding	Sobic.004G031300	5.47366072261016	3.36e-06	0.307263	Chr4:2495001-2585000	X2020.primaryBranchNumber.N	Chr4:2557003-2571049(-)	Pentatricopeptide repeat domain	1	FALSE
FST_breeding	Sobic.006G154600	5.27083521030723	5.36e-06	0.244564	Chr6:52825001-52870000	X2020.panicleGrainWeight.N	Chr6:52840413-52845383(-)	-	1	FALSE
FST_breeding	Sobic.006G154800	5.27083521030723	5.36e-06	0.244564	Chr6:52825001-52870000	X2020.panicleGrainWeight.N	Chr6:52852112-52861174(+)	BRO1-like domain	1	FALSE
FST_breeding	Sobic.006G154900	5.27083521030723	5.36e-06	0.244564	Chr6:52825001-52870000	X2020.panicleGrainWeight.N	Chr6:52856971-52863863(-)	Belongs to the mitochondrial carrier (TC 2.A.29) family	1	FALSE
FST_breeding	Sobic.006G155000	5.27083521030723	5.36e-06	0.244564	Chr6:52825001-52870000	X2020.panicleGrainWeight.N	Chr6:52859490-52866830(+)	Mitochondrial intermembrane space import and assembly protein	1	FALSE
FST_breeding	Sobic.006G155100	5.27083521030723	5.36e-06	0.244564	Chr6:52825001-52870000	X2020.panicleGrainWeight.N	Chr6:52863689-52871251(+)	RNA splicing	1	FALSE
FST_breeding	Sobic.006G155150	5.27083521030723	5.36e-06	0.244564	Chr6:52825001-52870000	X2020.panicleGrainWeight.N	Chr6:52869087-52873398(+)		1	FALSE
FST_breeding	Sobic.008G080400	5.21112488422458	6.15e-06	0.274558	Chr8:14040001-14085000	X2020.panicleGrainWeight.N	Chr8:14043121-14051972(-)	Belongs to the glycosyl hydrolase 1 family	1	FALSE
FST_breeding	Sobic.004G323700	5.12842706445412	7.44e-06	0.277638	Chr4:68365001-68410000	X2020.estimatedPlotYield.N	Chr4:68379048-68389284(+)	Ring finger domain	1	FALSE
FST_breeding	Sobic.004G323800	5.12842706445412	7.44e-06	0.277638	Chr4:68365001-68410000	X2020.estimatedPlotYield.N	Chr4:68385334-68392337(-)	PCRF	1	FALSE
FST_breeding	Sobic.004G323900	5.12842706445412	7.44e-06	0.277638	Chr4:68365001-68410000	X2020.estimatedPlotYield.N	Chr4:68390562-68399126(+)	-	1	FALSE
FST_breeding	Sobic.004G324100	5.12842706445412	7.44e-06	0.277638	Chr4:68365001-68410000	X2020.estimatedPlotYield.N	Chr4:68405333-68417162(-)	Diacylglycerol kinase accessory domain (presumed)	1	FALSE
FST_breeding	Sobic.002G179700	5.06398920428479	8.63e-06	0.310007	Chr2:57275001-57335000	X2020.rachisLength.N	Chr2:57328904-57334720(-)	3-ketoacyl-CoA synthase	1	FALSE
FST_breeding	Sobic.001G279500	5.0287241512619	9.36e-06	0.356079	Chr1:58630001-58705000	X2020.panicleGrainWeight.N	Chr1:58679418-58684139(+)	VQ motif	1	FALSE
FST_breeding	Sobic.001G279601	5.0287241512619	9.36e-06	0.319154	Chr1:58725001-58770000	X2020.panicleGrainWeight.N	Chr1:58726537-58733384(+)		1	FALSE
FST_breeding	Sobic.001G279701	5.0287241512619	9.36e-06	0.319154	Chr1:58725001-58770000	X2020.panicleGrainWeight.N	Chr1:58741681-58746505(-)	-	1	FALSE
FST_domestication	Sobic.001G314100	5.46852108295774	3.4e-06	0.641601	Chr1:64270001-64340000	X2020.panicleGrainWeight.N	Chr1:64274022-64279688(-)	Removal of H(2)O(2), oxidation of toxic reductants, biosynthesis and degradation of lignin, suberization, auxin catabolism, response to environmental stresses such as wounding, pathogen attack and oxidative stress	1	TRUE
FST_domestication	Sobic.003G369200	7.00261361560269	9.94e-08	0.614442	Chr3:74920001-7.5e+07	X2020.estimatedPlotYield.N	Chr3:74909588-74925728(-)	DNA polymerase	1	FALSE
FST_domestication	Sobic.003G369400	7.00261361560269	9.94e-08	0.614442	Chr3:74920001-7.5e+07	X2020.estimatedPlotYield.N	Chr3:74937218-74948584(-)	Plant protein of unknown function (DUF639)	1	FALSE
FST_domestication	Sobic.003G369500	7.00261361560269	9.94e-08	0.614442	Chr3:74920001-7.5e+07	X2020.estimatedPlotYield.N	Chr3:74944931-74953687(-)	NPL4 family	1	FALSE
FST_domestication	Sobic.003G369600	7.00261361560269	9.94e-08	0.614442	Chr3:74920001-7.5e+07	X2020.estimatedPlotYield.N	Chr3:74950842-74957627(+)	magnesium transporter	1	FALSE
FST_domestication	Sobic.003G369700	7.00261361560269	9.94e-08	0.614442	Chr3:74920001-7.5e+07	X2020.estimatedPlotYield.N	Chr3:74954287-74975843(-)	Sister chromatid cohesion protein PDS5 homolog	1	FALSE
FST_domestication	Sobic.003G370100	6.97469413473523	1.06e-07	0.614442	Chr3:74920001-7.5e+07	X2020.estimatedPlotYield.N	Chr3:74990971-75000294(+)	belongs to the protein kinase superfamily	1	FALSE
FST_domestication	Sobic.003G370200	6.97469413473523	1.06e-07	0.614442	Chr3:74920001-7.5e+07	X2020.estimatedPlotYield.N	Chr3:74996540-75006492(-)	Castor and Pollux, part of voltage-gated ion channel	1	FALSE
FST_domestication	Sobic.001G248900	6.07727454200674	8.37e-07	0.461071	Chr1:27020001-27060000	X2020.thirdLeafLength.N	Chr1:27044963-27053312(+)	Component of the exocyst complex involved in the docking of exocytic vesicles with fusion sites on the plasma membrane	1	FALSE
FST_domestication	Sobic.001G249000	6.07727454200674	8.37e-07	0.461071	Chr1:27020001-27060000	X2020.thirdLeafLength.N	Chr1:27049492-27056023(-)	Transmembrane amino acid transporter protein	1	FALSE
FST_domestication	Sobic.001G249100	6.07727454200674	8.37e-07	0.461071	Chr1:27020001-27060000	X2020.thirdLeafLength.N	Chr1:27054243-27061589(-)	Zein-binding	1	FALSE
FST_domestication	Sobic.001G249200	6.07727454200674	8.37e-07	0.461071	Chr1:27020001-27060000	X2020.thirdLeafLength.N	Chr1:27057733-27067348(-)	KH domain	1	FALSE
FST_domestication	Sobic.001G224200	5.80966830182971	1.55e-06	0.528532	Chr1:21665001-21720000	X2021.tillersPerPlant.N	Chr1:21660359-21670555(-)	RNA recognition motif	1	FALSE
FST_domestication	Sobic.003G145100	5.71444269099223	1.93e-06	0.568031	Chr3:14960001-15025000	X2021.tillersPerPlant.N	Chr3:15006713-15016954(+)	Myb-like DNA-binding domain	1	FALSE
FST_domestication	Sobic.003G145200	5.71444269099223	1.93e-06	0.568031	Chr3:14960001-15025000	X2021.tillersPerPlant.N	Chr3:15013094-15019776(-)	Plant specific eukaryotic initiation factor 4B	1	FALSE
FST_domestication	Sobic.003G145300	5.71444269099223	1.93e-06	0.568031	Chr3:14960001-15025000	X2021.tillersPerPlant.N	Chr3:15018356-15022666(-)	Domain of unknown function (DUF3511)	1	FALSE
FST_domestication	Sobic.001G314000	5.46852108295774	3.4e-06	0.641601	Chr1:64270001-64340000	X2020.panicleGrainWeight.N	Chr1:64265896-64272072(-)	Belongs to the peroxidase family. Classical plant (class III) peroxidase subfamily	1	FALSE
FST_domestication	Sobic.001G314200	5.46852108295774	3.4e-06	0.641601	Chr1:64270001-64340000	X2020.panicleGrainWeight.N	Chr1:64277388-64283179(-)	CAAD domains of cyanobacterial aminoacyl-tRNA synthetase	1	FALSE
FST_domestication	Sobic.001G314300	5.46852108295774	3.4e-06	0.641601	Chr1:64270001-64340000	X2020.panicleGrainWeight.N	Chr1:64281690-64290086(-)	Belongs to the iron ascorbate-dependent oxidoreductase family	1	FALSE
FST_domestication	Sobic.001G314350	5.46852108295774	3.4e-06	0.641601	Chr1:64270001-64340000	X2020.panicleGrainWeight.N	Chr1:64285998-64291547(+)		1	FALSE
FST_domestication	Sobic.001G314400	5.46852108295774	3.4e-06	0.641601	Chr1:64270001-64340000	X2020.panicleGrainWeight.N	Chr1:64302781-64319939(-)	K-box region	1	FALSE
FST_domestication	Sobic.001G313400	5.46852108295774	3.4e-06	0.48197	Chr1:64180001-64220000	X2020.panicleGrainWeight.N	Chr1:64179080-64190822(+)	AAA domain	1	FALSE
FST_domestication	Sobic.001G313500	5.46852108295774	3.4e-06	0.48197	Chr1:64180001-64220000	X2020.panicleGrainWeight.N	Chr1:64188236-64196375(-)	Protein of unknown function (DUF1084)	1	FALSE
FST_domestication	Sobic.001G313600	5.46852108295774	3.4e-06	0.48197	Chr1:64180001-64220000	X2020.panicleGrainWeight.N	Chr1:64193597-64198909(-)	Heavy-metal-associated domain	1	FALSE
FST_domestication	Sobic.001G313700	5.46852108295774	3.4e-06	0.48197	Chr1:64180001-64220000	X2020.panicleGrainWeight.N	Chr1:64195690-64206169(+)	-	1	FALSE
FST_domestication	Sobic.001G313800	5.46852108295774	3.4e-06	0.48197	Chr1:64180001-64220000	X2020.panicleGrainWeight.N	Chr1:64214479-64220118(+)	B3 DNA binding domain	1	FALSE
FST_domestication	Sobic.001G121700	5.1890957193313	6.47e-06	0.64333	Chr1:9540001-9615000	X2020.panicleGrainWeight.N	Chr1:9611477-9617716(-)	Fantastic Four meristem regulator	1	FALSE
FST_domestication	Sobic.006G131500	5.16367588429325	6.86e-06	0.467505	Chr6:50990001-51030000	X2021.tillersPerPlant.N	Chr6:50974557-50995055(+)	serine threonine-protein kinase GCN2	1	FALSE
FST_domestication	Sobic.006G131600	5.16367588429325	6.86e-06	0.467505	Chr6:50990001-51030000	X2021.tillersPerPlant.N	Chr6:50994406-50999564(+)	EF-hand domain	1	FALSE
FST_domestication	Sobic.006G131700	5.16367588429325	6.86e-06	0.467505	Chr6:50990001-51030000	X2021.tillersPerPlant.N	Chr6:51005263-51013088(+)	CRS1 / YhbY (CRM) domain	1	FALSE
FST_domestication	Sobic.006G131800	5.16367588429325	6.86e-06	0.467505	Chr6:50990001-51030000	X2021.tillersPerPlant.N	Chr6:51008388-51014251(-)	B-Box-type zinc finger	1	FALSE
FST_domestication	Sobic.006G131900	5.16367588429325	6.86e-06	0.467505	Chr6:50990001-51030000	X2021.tillersPerPlant.N	Chr6:51017372-51022442(-)	helix loop helix domain	1	FALSE
FST_domestication	Sobic.006G132000	5.16367588429325	6.86e-06	0.467505	Chr6:50990001-51030000	X2021.tillersPerPlant.N	Chr6:51025335-51032979(-)	glycine-rich protein	1	FALSE
FST_domestication	Sobic.006G132100	5.16367588429325	6.86e-06	0.467505	Chr6:50990001-51030000	X2021.tillersPerPlant.N	Chr6:51029807-51034937(-)	atchitiv,atep3,chiv,ep3	1	FALSE
FST_domestication	Sobic.006G229600	5.13018179202067	7.41e-06	0.465893	Chr6:58785001-58835000	X2020.stemDiameterUpper.N	Chr6:58777979-58785532(-)	Serine threonine-protein kinase	1	FALSE
FST_domestication	Sobic.006G229800	5.13018179202067	7.41e-06	0.465893	Chr6:58785001-58835000	X2020.stemDiameterUpper.N	Chr6:58783943-58791555(-)	Serine threonine-protein kinase	1	FALSE
FST_domestication	Sobic.006G229901	5.13018179202067	7.41e-06	0.465893	Chr6:58785001-58835000	X2020.stemDiameterUpper.N	Chr6:58789471-58798799(-)	Serine threonine-protein kinase	1	FALSE
FST_domestication	Sobic.006G230100	5.13018179202067	7.41e-06	0.465893	Chr6:58785001-58835000	X2020.stemDiameterUpper.N	Chr6:58802718-58810721(+)	Serine threonine-protein kinase	1	FALSE
FST_domestication	Sobic.006G230200	5.13018179202067	7.41e-06	0.465893	Chr6:58785001-58835000	X2020.stemDiameterUpper.N	Chr6:58809919-58818886(+)	Wall-associated receptor kinase	1	FALSE
FST_domestication	Sobic.006G230300	5.13018179202067	7.41e-06	0.465893	Chr6:58785001-58835000	X2020.stemDiameterUpper.N	Chr6:58814890-58822414(-)	Protein kinase domain	1	FALSE
FST_domestication	Sobic.006G230400	5.13018179202067	7.41e-06	0.465893	Chr6:58785001-58835000	X2020.stemDiameterUpper.N	Chr6:58822982-58831343(+)	Diacylglycerol kinase	1	FALSE
FST_domestication	Sobic.006G230500	5.13018179202067	7.41e-06	0.465893	Chr6:58785001-58835000	X2020.stemDiameterUpper.N	Chr6:58827838-58832297(+)	Wound-induced protein	1	FALSE
FST_domestication	Sobic.006G230600	5.13018179202067	7.41e-06	0.465893	Chr6:58785001-58835000	X2020.stemDiameterUpper.N	Chr6:58828624-58833677(-)	-	1	FALSE
FST_domestication	Sobic.006G230700	5.13018179202067	7.41e-06	0.465893	Chr6:58785001-58835000	X2020.stemDiameterUpper.N	Chr6:58830778-58835621(-)	Wound-induced protein	1	FALSE
FST_domestication	Sobic.006G230800	5.13018179202067	7.41e-06	0.465893	Chr6:58785001-58835000	X2020.stemDiameterUpper.N	Chr6:58833121-58838361(-)	Wound-induced protein	1	FALSE
FST_domestication	Sobic.003G246100	5.03338901331807	9.26e-06	0.554349	Chr3:64780001-64835000	X2021.plantHeight.N	Chr3:64809141-64818223(+)	JAB1/Mov34/MPN/PAD-1 ubiquitin protease	1	FALSE
FST_domestication	Sobic.003G246200	5.03338901331807	9.26e-06	0.554349	Chr3:64780001-64835000	X2021.plantHeight.N	Chr3:64819165-64825081(-)	Protein of unknown function (DUF1645)	1	FALSE
FST_domestication	Sobic.003G246300	5.03338901331807	9.26e-06	0.554349	Chr3:64780001-64835000	X2021.plantHeight.N	Chr3:64823164-64828745(-)	-	1	FALSE
XPCLR_breeding	Sobic.004G271200	6.43533393574791	3.67e-07	352.757521	breeding_improved_vs_landrace	X2020.rachisDiameterLower.N;X2020.rachisLength.N	Chr4:64038022-64044731(-)	Bromodomain transcription factors and PHD domain containing proteins	2	TRUE
XPCLR_breeding	Sobic.007G174600	5.18775530319963	6.49e-06	223.2806413	breeding_improved_vs_landrace	X2020.estimatedPlotYield.N	Chr7:64249611-64259135(-)	Glutamine amidotransferases class-II	1	TRUE
XPCLR_breeding	Sobic.001G196500	5.06148027482351	8.68e-06	164.0313369	breeding_improved_vs_landrace	X2021.tillersPerPlant.N	Chr1:17853995-17869359(-)	Short conserved domain in transcriptional regulators.	1	TRUE
XPCLR_breeding	Sobic.001G208166	7.76447155309245	1.72e-08	154.1223761	breeding_improved_vs_landrace	X2020.estimatedPlotYield.N;X2020.panicleGrainWeight.N	Chr1:19248278-19252909(+)		2	FALSE
XPCLR_breeding	Sobic.001G208200	7.76447155309245	1.72e-08	154.1223761	breeding_improved_vs_landrace	X2020.estimatedPlotYield.N;X2020.panicleGrainWeight.N	Chr1:19250346-19257396(-)	Alpha galactosidase A	2	FALSE
XPCLR_breeding	Sobic.001G208300	7.76447155309245	1.72e-08	154.1223761	breeding_improved_vs_landrace	X2020.estimatedPlotYield.N;X2020.panicleGrainWeight.N	Chr1:19260215-19268370(+)	Calcineurin-like phosphoesterase	2	FALSE
XPCLR_breeding	Sobic.001G197225	7.07058107428571	8.5e-08	191.3631515	breeding_improved_vs_landrace	X2020.stemDiameterLower.N;X2021.tillersPerPlant.N	Chr1:17987240-17994333(-)	Belongs to the actin family	2	FALSE
XPCLR_breeding	Sobic.001G197250	7.07058107428571	8.5e-08	191.3631515	breeding_improved_vs_landrace	X2020.stemDiameterLower.N;X2021.tillersPerPlant.N	Chr1:17990511-17996651(+)	Plant organelle RNA recognition domain	2	FALSE
XPCLR_breeding	Sobic.001G197275	7.07058107428571	8.5e-08	191.3631515	breeding_improved_vs_landrace	X2020.stemDiameterLower.N;X2021.tillersPerPlant.N	Chr1:17992951-17998190(-)	Arabidopsis protein of unknown function	2	FALSE
XPCLR_breeding	Sobic.001G197300	7.07058107428571	8.5e-08	191.3631515	breeding_improved_vs_landrace	X2020.stemDiameterLower.N;X2021.tillersPerPlant.N	Chr1:17994905-18003661(-)	Serine threonine-protein kinase	2	FALSE
XPCLR_breeding	Sobic.001G197400	7.07058107428571	8.5e-08	191.3631515	breeding_improved_vs_landrace	X2020.stemDiameterLower.N;X2021.tillersPerPlant.N	Chr1:18006124-18013600(-)	Belongs to the actin family	2	FALSE
XPCLR_breeding	Sobic.001G197500	7.07058107428571	8.5e-08	191.3631515	breeding_improved_vs_landrace	X2020.stemDiameterLower.N;X2021.tillersPerPlant.N	Chr1:18012256-18017847(+)		2	FALSE
XPCLR_breeding	Sobic.003G199900	6.51712641639125	3.04e-07	318.1648419	breeding_improved_vs_landrace	X2020.panicleGrainWeight.N	Chr3:58993955-59005267(-)	Aminotransferase class I and II	1	FALSE
XPCLR_breeding	Sobic.008G059200	6.44129142946683	3.62e-07	219.0669402	breeding_improved_vs_landrace	X2020.primaryBranchNumber.N	Chr8:6429996-6436291(-)	Transmembrane amino acid transporter protein	1	FALSE
XPCLR_breeding	Sobic.008G059400	6.44129142946683	3.62e-07	219.0669402	breeding_improved_vs_landrace	X2020.primaryBranchNumber.N	Chr8:6465992-6472578(-)	Transmembrane amino acid transporter protein	1	FALSE
XPCLR_breeding	Sobic.008G059500	6.44129142946683	3.62e-07	219.0669402	breeding_improved_vs_landrace	X2020.primaryBranchNumber.N	Chr8:6487994-6495764(-)		1	FALSE
XPCLR_breeding	Sobic.008G059533	6.44129142946683	3.62e-07	219.0669402	breeding_improved_vs_landrace	X2020.primaryBranchNumber.N	Chr8:6495841-6500344(+)	source UniProtKB	1	FALSE
XPCLR_breeding	Sobic.004G270600	6.43533393574791	3.67e-07	352.757521	breeding_improved_vs_landrace	X2020.rachisDiameterLower.N;X2020.rachisLength.N	Chr4:64010105-64018021(-)	MYB-CC type transfactor, LHEQLE motif	2	FALSE
XPCLR_breeding	Sobic.004G270700	6.43533393574791	3.67e-07	352.757521	breeding_improved_vs_landrace	X2020.rachisDiameterLower.N;X2020.rachisLength.N	Chr4:64015177-64019938(+)		2	FALSE
XPCLR_breeding	Sobic.004G270750	6.43533393574791	3.67e-07	352.757521	breeding_improved_vs_landrace	X2020.rachisDiameterLower.N;X2020.rachisLength.N	Chr4:64016325-64021346(-)		2	FALSE
XPCLR_breeding	Sobic.004G270800	6.43533393574791	3.67e-07	352.757521	breeding_improved_vs_landrace	X2020.rachisDiameterLower.N;X2020.rachisLength.N	Chr4:64017654-64025038(-)	Anaphase-promoting complex subunit 4 WD40 domain	2	FALSE
XPCLR_breeding	Sobic.004G270900	6.43533393574791	3.67e-07	352.757521	breeding_improved_vs_landrace	X2020.rachisDiameterLower.N;X2020.rachisLength.N	Chr4:64022920-64028974(+)	Helix-loop-helix DNA-binding domain	2	FALSE
XPCLR_breeding	Sobic.004G271000	6.43533393574791	3.67e-07	352.757521	breeding_improved_vs_landrace	X2020.rachisDiameterLower.N;X2020.rachisLength.N	Chr4:64029107-64040972(+)	PWWP domain	2	FALSE
XPCLR_breeding	Sobic.004G271100	6.43533393574791	3.67e-07	352.757521	breeding_improved_vs_landrace	X2020.rachisDiameterLower.N;X2020.rachisLength.N	Chr4:64037272-64042003(+)	-	2	FALSE
XPCLR_breeding	Sobic.004G271300	6.43533393574791	3.67e-07	352.757521	breeding_improved_vs_landrace	X2020.rachisDiameterLower.N;X2020.rachisLength.N	Chr4:64052537-64064153(+)	Control of topological states of DNA by transient breakage and subsequent rejoining of DNA strands. Topoisomerase II makes double-strand breaks	2	FALSE
XPCLR_breeding	Sobic.004G271350	6.43533393574791	3.67e-07	352.757521	breeding_improved_vs_landrace	X2020.rachisLength.N	Chr4:64060395-64065580(-)		1	FALSE
XPCLR_breeding	Sobic.004G271400	6.43533393574791	3.67e-07	352.757521	breeding_improved_vs_landrace	X2020.rachisLength.N	Chr4:64063244-64068554(-)	Belongs to the universal ribosomal protein uL11 family	1	FALSE
XPCLR_breeding	Sobic.009G141201	5.94309514866353	1.14e-06	347.9853693	breeding_improved_vs_landrace	X2021.tillersPerPlant.N	Chr9:53559960-53566778(-)	-	1	FALSE
XPCLR_breeding	Sobic.009G141300	5.94309514866353	1.14e-06	347.9853693	breeding_improved_vs_landrace	X2021.tillersPerPlant.N	Chr9:53565997-53573456(+)	GDSL-like Lipase/Acylhydrolase	1	FALSE
XPCLR_breeding	Sobic.009G141400	5.94309514866353	1.14e-06	347.9853693	breeding_improved_vs_landrace	X2021.tillersPerPlant.N	Chr9:53575877-53582860(+)	Uncharacterized ACR, COG1678	1	FALSE
XPCLR_breeding	Sobic.009G141500	5.94309514866353	1.14e-06	347.9853693	breeding_improved_vs_landrace	X2021.tillersPerPlant.N	Chr9:53580433-53585334(-)	DNA-binding domain in plant proteins such as APETALA2 and EREBPs	1	FALSE
XPCLR_breeding	Sobic.008G002500	5.59345981956604	2.55e-06	146.8556618	breeding_improved_vs_landrace	X2021.tillersPerPlant.N	Chr8:283181-294658(+)	Poly (ADP-ribose) polymerase	1	FALSE
XPCLR_breeding	Sobic.008G002600	5.59345981956604	2.55e-06	146.8556618	breeding_improved_vs_landrace	X2021.tillersPerPlant.N	Chr8:294595-300775(+)	Belongs to the iron ascorbate-dependent oxidoreductase family	1	FALSE
XPCLR_breeding	Sobic.008G002700	5.59345981956604	2.55e-06	146.8556618	breeding_improved_vs_landrace	X2021.tillersPerPlant.N	Chr8:299474-306001(-)	Protein kinase domain	1	FALSE
XPCLR_breeding	Sobic.008G002800	5.59345981956604	2.55e-06	146.8556618	breeding_improved_vs_landrace	X2021.tillersPerPlant.N	Chr8:304107-310819(-)	unsaturated fatty acid metabolic process	1	FALSE
XPCLR_breeding	Sobic.009G130966	5.56224943717961	2.74e-06	235.2324078	breeding_improved_vs_landrace	X2020.rachisLength.N	Chr9:52153412-52158183(+)		1	FALSE
XPCLR_breeding	Sobic.009G131100	5.56224943717961	2.74e-06	235.2324078	breeding_improved_vs_landrace	X2020.rachisLength.N	Chr9:52162663-52170947(-)	Belongs to the BI1 family	1	FALSE
XPCLR_breeding	Sobic.009G131200	5.56224943717961	2.74e-06	235.2324078	breeding_improved_vs_landrace	X2020.rachisLength.N	Chr9:52171913-52180198(-)	-	1	FALSE
XPCLR_breeding	Sobic.009G131300	5.56224943717961	2.74e-06	235.2324078	breeding_improved_vs_landrace	X2020.rachisLength.N	Chr9:52177985-52198683(-)	cation-transporting ATPase	1	FALSE
XPCLR_breeding	Sobic.008G047600	5.32239304727951	4.76e-06	154.1412257	breeding_improved_vs_landrace	X2020.estimatedPlotYield.N	Chr8:4812043-4819566(+)	Protein BYPASS1-related	1	FALSE
XPCLR_breeding	Sobic.008G047700	5.32239304727951	4.76e-06	154.1412257	breeding_improved_vs_landrace	X2020.estimatedPlotYield.N	Chr8:4814389-4825847(-)	Protein FAM135	1	FALSE
XPCLR_breeding	Sobic.008G047800	5.32239304727951	4.76e-06	154.1412257	breeding_improved_vs_landrace	X2020.estimatedPlotYield.N	Chr8:4823850-4836452(-)	Domain of unknown function (DUF3337)	1	FALSE
XPCLR_breeding	Sobic.006G026400	5.24488773360493	5.69e-06	247.4848763	breeding_improved_vs_landrace	X2021.tillersPerPlant.N	Chr6:4878979-4883557(-)	-	1	FALSE
XPCLR_breeding	Sobic.006G026500	5.24488773360493	5.69e-06	247.4848763	breeding_improved_vs_landrace	X2021.tillersPerPlant.N	Chr6:4885956-4890718(+)	-	1	FALSE
XPCLR_breeding	Sobic.009G109300	5.22621355501881	5.94e-06	333.7060162	breeding_improved_vs_landrace	X2021.plantHeight.N	Chr9:47824222-47832879(-)	Belongs to the eukaryotic-type primase small subunit family	1	FALSE
XPCLR_breeding	Sobic.008G080400	5.21112488422458	6.15e-06	175.0302182	breeding_improved_vs_landrace	X2020.panicleGrainWeight.N	Chr8:14043121-14051972(-)	Belongs to the glycosyl hydrolase 1 family	1	FALSE
XPCLR_breeding	Sobic.007G174300	5.18775530319963	6.49e-06	223.2806413	breeding_improved_vs_landrace	X2020.estimatedPlotYield.N	Chr7:64240065-64250393(-)	Arabidopsis protein of unknown function	1	FALSE
XPCLR_breeding	Sobic.007G174500	5.18775530319963	6.49e-06	223.2806413	breeding_improved_vs_landrace	X2020.estimatedPlotYield.N	Chr7:64242709-64249440(+)	Arabidopsis protein of unknown function	1	FALSE
XPCLR_breeding	Sobic.001G375100	5.07883394936226	8.34e-06	168.3965588	breeding_improved_vs_landrace	X2021.tillersPerPlant.N	Chr1:70490174-70506197(+)	ATPase family associated with various cellular activities (AAA)	1	FALSE
XPCLR_breeding	Sobic.001G375200	5.07883394936226	8.34e-06	168.3965588	breeding_improved_vs_landrace	X2021.tillersPerPlant.N	Chr1:70502333-70507935(-)	LURP-one-related	1	FALSE
XPCLR_breeding	Sobic.001G375300	5.07883394936226	8.34e-06	168.3965588	breeding_improved_vs_landrace	X2021.tillersPerPlant.N	Chr1:70509947-70521258(+)	Ulp1 protease family, C-terminal catalytic domain	1	FALSE
XPCLR_breeding	Sobic.001G196550	5.06148027482351	8.68e-06	164.0313369	breeding_improved_vs_landrace	X2021.tillersPerPlant.N	Chr1:17872444-17881658(-)	Zinc finger BED domain-containing protein RICESLEEPER	1	FALSE
XPCLR_breeding	Sobic.001G196600	5.06148027482351	8.68e-06	164.0313369	breeding_improved_vs_landrace	X2021.tillersPerPlant.N	Chr1:17877319-17884965(-)	Serine carboxypeptidase S28	1	FALSE
XPCLR_breeding	Sobic.001G196700	5.06148027482351	8.68e-06	164.0313369	breeding_improved_vs_landrace	X2021.tillersPerPlant.N	Chr1:17881711-17891255(-)	Serine carboxypeptidase S28	1	FALSE
XPCLR_domestication	Sobic.004G324000	5.12842706445412	7.44e-06	910.1199007	domestication_landrace_vs_wild	X2020.estimatedPlotYield.N	Chr4:68398377-68409236(+)	Glutamate-gated receptor that probably acts as non- selective cation channel	1	TRUE
XPCLR_domestication	Sobic.003G226800	5.08830984124614	8.16e-06	660.3302769	domestication_landrace_vs_wild	X2020.medianLeafAngle.N	Chr3:62679658-62685769(+)	Heat stress transcription factor C-1a	1	TRUE
XPCLR_domestication	Sobic.002G399200	5.99567862621736	1.01e-06	653.6217452	domestication_landrace_vs_wild	X2021.tillersPerPlant.N	Chr2:76368069-76377083(+)	helicase superfamily c-terminal domain	1	FALSE
XPCLR_domestication	Sobic.002G399300	5.99567862621736	1.01e-06	653.6217452	domestication_landrace_vs_wild	X2021.tillersPerPlant.N	Chr2:76373564-76381119(+)	-	1	FALSE
XPCLR_domestication	Sobic.002G399400	5.99567862621736	1.01e-06	653.6217452	domestication_landrace_vs_wild	X2021.tillersPerPlant.N	Chr2:76390718-76398813(-)	PMR5 N terminal Domain	1	FALSE
XPCLR_domestication	Sobic.002G399500	5.99567862621736	1.01e-06	653.6217452	domestication_landrace_vs_wild	X2021.tillersPerPlant.N	Chr2:76397020-76406285(-)	SNARE associated Golgi protein	1	FALSE
XPCLR_domestication	Sobic.002G399600	5.99567862621736	1.01e-06	653.6217452	domestication_landrace_vs_wild	X2021.tillersPerPlant.N	Chr2:76407948-76412844(-)	Plant lipid transfer protein / seed storage protein / trypsin-alpha amylase inhibitor domain family	1	FALSE
XPCLR_domestication	Sobic.002G399700	5.99567862621736	1.01e-06	653.6217452	domestication_landrace_vs_wild	X2021.tillersPerPlant.N	Chr2:76411104-76416927(-)	Acts in the modification of cell walls via demethylesterification of cell wall pectin	1	FALSE
XPCLR_domestication	Sobic.002G399800	5.99567862621736	1.01e-06	653.6217452	domestication_landrace_vs_wild	X2021.tillersPerPlant.N	Chr2:76414772-76430327(-)	HUA2-like protein	1	FALSE
XPCLR_domestication	Sobic.002G149200	5.99567862621736	1.01e-06	450.3128874	domestication_landrace_vs_wild	X2020.estimatedPlotYield.N	Chr2:42183702-42190747(+)	Domain of unknown function	1	FALSE
XPCLR_domestication	Sobic.001G223300	5.80966830182971	1.55e-06	588.0444669	domestication_landrace_vs_wild	X2021.tillersPerPlant.N	Chr1:21594609-21602010(-)	-	1	FALSE
XPCLR_domestication	Sobic.003G144950	5.71444269099223	1.93e-06	868.9330206	domestication_landrace_vs_wild	X2021.tillersPerPlant.N	Chr3:14943005-14947708(+)		1	FALSE
XPCLR_domestication	Sobic.003G145000	5.71444269099223	1.93e-06	868.9330206	domestication_landrace_vs_wild	X2021.tillersPerPlant.N	Chr3:14944672-14951281(+)		1	FALSE
XPCLR_domestication	Sobic.006G103400	5.62342304294349	2.38e-06	634.7670149	domestication_landrace_vs_wild	X2021.tillersPerPlant.N	Chr6:48716524-48723438(-)	Protein disulfide-isomerase LQY1	1	FALSE
XPCLR_domestication	Sobic.006G103500	5.62342304294349	2.38e-06	634.7670149	domestication_landrace_vs_wild	X2021.tillersPerPlant.N	Chr6:48719828-48725180(+)		1	FALSE
XPCLR_domestication	Sobic.006G103550	5.62342304294349	2.38e-06	634.7670149	domestication_landrace_vs_wild	X2021.tillersPerPlant.N	Chr6:48724633-48729914(-)		1	FALSE
XPCLR_domestication	Sobic.006G103601	5.62342304294349	2.38e-06	634.7670149	domestication_landrace_vs_wild	X2021.tillersPerPlant.N	Chr6:48728410-48733316(-)		1	FALSE
XPCLR_domestication	Sobic.006G103700	5.62342304294349	2.38e-06	634.7670149	domestication_landrace_vs_wild	X2021.tillersPerPlant.N	Chr6:48729317-48744509(+)	Belongs to the class-I aminoacyl-tRNA synthetase family	1	FALSE
XPCLR_domestication	Sobic.004G324500	5.40011692792631	3.98e-06	476.1799878	domestication_landrace_vs_wild	X2020.paniclesPerPlot.N	Chr4:68507883-68517772(-)		1	FALSE
XPCLR_domestication	Sobic.004G324600	5.40011692792631	3.98e-06	476.1799878	domestication_landrace_vs_wild	X2020.paniclesPerPlot.N	Chr4:68515736-68524265(-)		1	FALSE
XPCLR_domestication	Sobic.004G324800	5.40011692792631	3.98e-06	476.1799878	domestication_landrace_vs_wild	X2020.paniclesPerPlot.N	Chr4:68557177-68563429(+)	Protein of unknown function (DUF1668)	1	FALSE
XPCLR_domestication	Sobic.004G324850	5.40011692792631	3.98e-06	476.1799878	domestication_landrace_vs_wild	X2020.paniclesPerPlot.N	Chr4:68560308-68564776(-)		1	FALSE
XPCLR_domestication	Sobic.004G324900	5.40011692792631	3.98e-06	476.1799878	domestication_landrace_vs_wild	X2020.paniclesPerPlot.N	Chr4:68563767-68569348(-)	Domain of unknown function (DUF4440)	1	FALSE
XPCLR_domestication	Sobic.004G325000	5.40011692792631	3.98e-06	476.1799878	domestication_landrace_vs_wild	X2020.paniclesPerPlot.N	Chr4:68578870-68586627(-)	chaperone protein	1	FALSE
XPCLR_domestication	Sobic.001G121700	5.1890957193313	6.47e-06	445.611712	domestication_landrace_vs_wild	X2020.panicleGrainWeight.N	Chr1:9611477-9617716(-)	Fantastic Four meristem regulator	1	FALSE
XPCLR_domestication	Sobic.001G121800	5.1890957193313	6.47e-06	445.611712	domestication_landrace_vs_wild	X2020.panicleGrainWeight.N	Chr1:9621006-9628249(+)		1	FALSE
XPCLR_domestication	Sobic.005G082000	5.18575240426808	6.52e-06	398.3328534	domestication_landrace_vs_wild	X2021.tillersPerPlant.N	Chr5:10973103-10977542(-)	Cysteine-rich antifungal protein 2, defensin-like	1	FALSE
XPCLR_domestication	Sobic.005G082100	5.18575240426808	6.52e-06	398.3328534	domestication_landrace_vs_wild	X2021.tillersPerPlant.N	Chr5:10977790-10984734(+)	Pectinesterase	1	FALSE
XPCLR_domestication	Sobic.001G377600	5.17979854051436	6.61e-06	390.3086295	domestication_landrace_vs_wild	X2021.plantHeight.N	Chr1:70699010-70707151(-)	Mediates both low-affinity uptake and efflux of sugar across the	1	FALSE
XPCLR_domestication	Sobic.001G377700	5.17979854051436	6.61e-06	390.3086295	domestication_landrace_vs_wild	X2021.plantHeight.N	Chr1:70704876-70714808(+)	FANCI solenoid 4	1	FALSE
XPCLR_domestication	Sobic.001G377800	5.17979854051436	6.61e-06	390.3086295	domestication_landrace_vs_wild	X2021.plantHeight.N	Chr1:70713483-70720305(+)	60S ribosomal protein L18	1	FALSE
XPCLR_domestication	Sobic.004G323300	5.12842706445412	7.44e-06	910.1199007	domestication_landrace_vs_wild	X2020.estimatedPlotYield.N	Chr4:68337897-68342815(-)	Belongs to the CRISP family	1	FALSE
XPCLR_domestication	Sobic.004G323400	5.12842706445412	7.44e-06	910.1199007	domestication_landrace_vs_wild	X2020.estimatedPlotYield.N	Chr4:68341993-68349969(+)	Putative serine esterase (DUF676)	1	FALSE
XPCLR_domestication	Sobic.004G323500	5.12842706445412	7.44e-06	910.1199007	domestication_landrace_vs_wild	X2020.estimatedPlotYield.N	Chr4:68346211-68353506(+)	Protein kinase domain	1	FALSE
XPCLR_domestication	Sobic.004G323600	5.12842706445412	7.44e-06	910.1199007	domestication_landrace_vs_wild	X2020.estimatedPlotYield.N	Chr4:68357268-68363296(-)	belongs to the protein kinase superfamily	1	FALSE
XPCLR_domestication	Sobic.004G323700	5.12842706445412	7.44e-06	910.1199007	domestication_landrace_vs_wild	X2020.estimatedPlotYield.N	Chr4:68379048-68389284(+)	Ring finger domain	1	FALSE
XPCLR_domestication	Sobic.004G323800	5.12842706445412	7.44e-06	910.1199007	domestication_landrace_vs_wild	X2020.estimatedPlotYield.N	Chr4:68385334-68392337(-)	PCRF	1	FALSE
XPCLR_domestication	Sobic.004G323900	5.12842706445412	7.44e-06	910.1199007	domestication_landrace_vs_wild	X2020.estimatedPlotYield.N	Chr4:68390562-68399126(+)	-	1	FALSE
XPCLR_domestication	Sobic.003G226900	5.08830984124614	8.16e-06	660.3302769	domestication_landrace_vs_wild	X2020.medianLeafAngle.N	Chr3:62695895-62704613(-)	Belongs to the peptidase A1 family	1	FALSE
XPCLR_domestication	Sobic.003G226950	5.08830984124614	8.16e-06	660.3302769	domestication_landrace_vs_wild	X2020.medianLeafAngle.N	Chr3:62698265-62703443(+)		1	FALSE
XPCLR_domestication	Sobic.001G374400	5.07883394936226	8.34e-06	575.8210161	domestication_landrace_vs_wild	X2021.tillersPerPlant.N	Chr1:70441825-70448500(+)	Heavy-metal-associated domain	1	FALSE
XPCLR_domestication	Sobic.007G079101	5.07675598136972	8.38e-06	794.2255497	domestication_landrace_vs_wild	X2021.tillersPerPlant.N	Chr7:9254251-9261349(+)		1	FALSE
XPCLR_domestication	Sobic.006G244800	5.03621217265444	9.2e-06	645.012225	domestication_landrace_vs_wild	X2020.medianLeafAngle.N	Chr6:59880647-59888672(+)	TIFY	1	FALSE
XPCLR_domestication	Sobic.006G244900	5.03621217265444	9.2e-06	645.012225	domestication_landrace_vs_wild	X2020.medianLeafAngle.N	Chr6:59886071-59893225(-)	Transmembrane proteins 14C	1	FALSE
XPCLR_domestication	Sobic.006G245100	5.03621217265444	9.2e-06	645.012225	domestication_landrace_vs_wild	X2020.medianLeafAngle.N	Chr6:59892667-59901265(+)	Belongs to the Ca(2 ) cation antiporter (CaCA) (TC 2.A.19) family	1	FALSE
